Format,OpenTRACK,,,,,,
Name,2025 Autocross,,,,,,
Country,USA,,,,,,
City,"Brooklyn, Michigan",,,,,,
Type,Temporary,,,,,,
Config,Open,"Closes track map if needed. Value: ""Closed"" or ""Open""",,,,,
Direction,Forward,"Flips data direction. Value: ""Forward"" or ""Backward""",,,,,
Mirror,Off,"Flips lateral acceleration. Value: ""On"" or ""Off""",,,,,
Export Frequency,50,Hz,,,,,
,,,,,,,
Distance,Speed,Yaw Velocity,Lateral Acceleration,Elevation,Banking,Grip Factor,Sector
m,mph,deg/s,G,m,deg,,
Paste data under this line,,,,,,,
0,0,0,0.08,299,0,1,1
0,0.1,0,-0.41,299,0,1,1
0,0.3,0,-0.03,299,0,1,1
0,0.4,0,-0.05,299,0,1,1
0,0.5,0,-0.27,299,0,1,1
0,0.7,0,0.25,299,0,1,1
0,0.8,0,0.25,299,0,1,1
0,0.9,0,-0.27,299,0,1,1
0,1,0,-0.01,299,0,1,1
0,1.1,0,0.25,299,0,1,1
0,1.2,0,-0.22,299,0,1,1
0,1.5,0,-0.26,299,0,1,1
0,1.7,0,0.19,299,0,1,1
0,1.9,0,-0.22,299,0,1,1
0,2.1,0,-0.23,299,0,1,1
0,2.4,0,0.25,299,0,1,1
0,2.6,0,-0.06,299,0,1,1
0,2.8,0,0.16,299,0,1,1
0,3,0,0.06,299,0,1,1
0,3.2,0,-0.23,299,0,1,1
0,3.4,0,0.01,299,0,1,1
0.01,3.7,0,-0.1,299,0,1,1
0.01,4,0,0.21,299,0,1,1
0.01,4.3,0,0.07,299,0,1,1
0.01,4.6,0,0.04,299,0,1,1
0.01,4.9,0,0.25,299,0,1,1
0.01,5.2,0,-0.23,299,0,1,1
0.02,5.4,0,0.29,299,0,1,1
0.02,5.7,0,-0.06,299,0,1,1
0.02,6,0,0.02,299,0,1,1
0.02,6.2,0,0.12,299,0,1,1
0.03,6.5,0,-0.12,299,0,1,1
0.03,6.8,0,0.37,299,0,1,1
0.04,7.2,0,-0.17,299.02,0,1,1
0.04,7.5,0,-0.28,299.06,0,1,1
0.05,7.8,0,0.21,299.1,0,1,1
0.08,8.1,0,-0.07,299.1,0,1,1
0.11,8.4,0,-0.13,299.1,0,1,1
0.15,8.8,0,0.05,299.1,0,1,1
0.18,9.1,0,-0.21,299.1,0,1,1
0.21,9.4,0,0.2,299.1,0,1,1
0.27,9.7,1.8,0.03,299.1,0,1,1
0.33,10,3.24,-0.17,299.1,0,1,1
0.39,10.3,3.6,0.4,299.08,0,1,1
0.46,10.6,3.24,-0.19,299.04,0,1,1
0.52,10.9,3.24,-0.05,299,0,1,1
0.59,11.2,4.32,0.24,299,0,1,1
0.66,11.5,5.4,-0.17,299,0,1,1
0.74,11.8,5.04,-0.18,299,0,1,1
0.81,12.1,4.68,-0.03,299,0,1,1
0.88,12.5,4.32,0.09,299,0,1,1
0.97,12.8,5.04,-0.2,299,0,1,1
1.05,13.2,5.4,0.23,299,0,1,1
1.14,13.6,6.12,0.03,299,0,1,1
1.22,13.9,5.76,-0.22,299,0,1,1
1.31,14.3,6.12,0.08,299,0,1,1
1.41,14.6,5.04,0.29,299,0,1,1
1.51,14.8,3.96,0.01,299,0,1,1
1.61,15.1,3.96,-0.47,299,0,1,1
1.71,15.3,4.68,-0.27,299,0,1,1
1.81,15.6,5.76,0.03,299,0,1,1
1.92,16,5.04,0.17,299,0,1,1
2.03,16.4,5.76,0.25,299,0,1,1
2.14,16.8,5.4,-0.36,299,0,1,1
2.26,17.3,6.12,-0.37,299,0,1,1
2.37,17.7,5.76,-0.38,299,0,1,1
2.5,18.1,5.4,0.2,299,0,1,1
2.63,18.4,6.48,0.17,299,0,1,1
2.76,18.8,8.64,-0.15,298.98,0,1,1
2.89,19.2,9,-0.55,298.94,0,1,1
3.02,19.6,10.08,-0.15,298.9,0,1,1
3.16,20,11.16,0.05,298.9,0,1,1
3.3,20.4,13.32,-0.22,298.9,0,1,1
3.45,20.7,13.68,-0.36,298.9,0,1,1
3.59,21.1,12.96,-0.28,298.9,0,1,1
3.73,21.5,13.32,-0.15,298.9,0,1,1
3.89,21.8,14.76,-0.1,298.9,0,1,1
4.05,22,15.48,-0.26,298.9,0,1,1
4.21,22.2,16.2,-0.13,298.9,0,1,1
4.37,22.5,18,-0.29,298.9,0,1,1
4.53,22.7,17.28,0.15,298.9,0,1,1
4.7,23.1,15.12,0.18,298.9,0,1,1
4.88,23.6,11.52,-0.25,298.9,0,1,1
5.05,24,9,-0.13,298.88,0,1,1
5.23,24.4,7.92,0.09,298.84,0,1,1
5.4,24.8,7.56,-0.05,298.8,0,1,1
5.59,25.2,6.48,-0.15,298.8,0,1,1
5.79,25.6,6.48,0.05,298.8,0,1,1
5.98,26,7.92,-0.32,298.8,0,1,1
6.17,26.3,6.84,0,298.8,0,1,1
6.36,26.7,2.88,0.12,298.8,0,1,1
6.57,27.1,0.72,0.03,298.8,0,1,1
6.78,27.4,-3.96,-0.04,298.8,0,1,1
6.98,27.7,-6.84,-0.15,298.76,0,1,1
7.19,28.1,-6.84,-0.05,298.68,0,1,1
7.4,28.4,-4.68,-0.15,298.6,0,1,1
7.63,28.8,-3.6,-0.08,298.6,0,1,1
7.85,29.2,-2.52,-0.27,298.6,0,1,1
8.07,29.6,0,-0.1,298.58,0,1,1
8.3,29.9,0,-0.03,298.54,0,1,1
8.52,30.3,0,-0.08,298.5,0,1,1
8.76,30.6,0,-0.23,298.5,0,1,1
9,31,0,-0.04,298.5,0,1,1
9.24,31.3,2.52,-0.04,298.46,0,1,1
9.48,31.6,3.24,-0.39,298.38,0,1,1
9.72,31.9,3.6,-0.04,298.3,0,1,1
9.97,32.3,3.6,0.02,298.3,0,1,1
10.23,32.7,3.24,-0.18,298.3,0,1,1
10.48,33.1,3.6,0.06,298.28,0,1,1
10.74,33.5,3.6,-0.12,298.24,0,1,1
10.99,33.9,5.4,-0.03,298.2,0,1,1
11.27,34.2,5.76,-0.29,298.2,0,1,1
11.54,34.6,5.4,-0.38,298.2,0,1,1
11.81,34.9,6.12,-0.05,298.18,0,1,1
12.08,35.3,7.2,-0.17,298.14,0,1,1
12.36,35.7,6.84,-0.01,298.1,0,1,1
12.64,35.9,5.76,-0.33,298.1,0,1,1
12.91,36,6.48,-0.33,298.1,0,1,1
13.19,36.2,6.84,-0.11,298.08,0,1,1
13.47,36.4,5.76,-0.2,298.04,0,1,1
13.75,36.6,5.04,-0.06,298,0,1,1
14.04,36.6,3.6,0.07,298,0,1,1
14.32,36.6,2.52,0.18,298,0,1,1
14.61,36.6,0,0.22,298,0,1,1
14.9,36.6,0,-0.04,298,0,1,1
15.18,36.6,0,0.24,298,0,1,1
15.48,36.2,0,0.05,298,0,1,1
15.78,35.8,2.88,-0.53,298,0,1,1
16.08,35.4,4.68,-0.5,297.98,0,1,1
16.38,35,7.56,-0.05,297.94,0,1,1
16.68,34.6,8.28,0.15,297.9,0,1,1
17,34.1,9.36,0.01,297.9,0,1,1
17.31,33.7,10.44,-0.31,297.9,0,1,1
17.62,33.3,11.88,-0.56,297.9,0,1,1
17.93,32.8,11.16,-0.03,297.9,0,1,1
18.24,32.4,10.8,-0.06,297.9,0,1,1
18.56,32.2,10.08,-0.27,297.9,0,1,1
18.88,32,10.8,-0.15,297.9,0,1,1
19.2,31.9,11.16,-0.58,297.9,0,1,1
19.51,31.7,11.88,0.03,297.9,0,1,1
19.83,31.5,11.88,-0.67,297.9,0,1,1
20.15,31.3,13.32,-0.27,297.9,0,1,1
20.46,31.1,13.68,-0.14,297.9,0,1,1
20.78,30.8,12.6,-0.55,297.9,0,1,1
21.09,30.6,12.24,-0.63,297.9,0,1,1
21.41,30.4,12.6,-0.25,297.9,0,1,1
21.72,30.3,12.24,-0.41,297.9,0,1,1
22.03,30.2,13.68,-0.8,297.9,0,1,1
22.33,30.1,15.12,-0.34,297.9,0,1,1
22.64,29.9,16.56,-0.22,297.9,0,1,1
22.95,29.8,16.56,-0.15,297.9,0,1,1
23.25,29.5,16.2,-0.65,297.9,0,1,1
23.55,29.2,14.4,-0.05,297.9,0,1,1
23.84,28.9,10.44,-0.15,297.92,0,1,1
24.14,28.6,3.24,0.31,297.96,0,1,1
24.44,28.3,-2.16,0.35,298,0,1,1
24.72,28.3,-6.12,0.06,298,0,1,1
25.01,28.4,-14.04,0.61,298,0,1,1
25.29,28.5,-20.52,0.91,298,0,1,1
25.58,28.5,-29.88,1.05,298,0,1,1
25.86,28.6,-35.28,0.82,298,0,1,1
26.14,28.3,-40.32,1.09,298,0,1,1
26.41,28.1,-42.48,0.79,298,0,1,1
26.68,27.8,-45,0.92,297.98,0,1,1
26.96,27.6,-45.72,0.72,297.94,0,1,1
27.23,27.3,-46.08,0.68,297.9,0,1,1
27.5,27,-45.72,0.6,297.9,0,1,1
27.76,26.7,-45.36,0.57,297.9,0,1,1
28.02,26.4,-45.72,1.32,297.9,0,1,1
28.29,26,-48.6,1.41,297.9,0,1,1
28.55,25.7,-52.92,1.36,297.9,0,1,1
28.8,25.7,-59.04,0.78,297.9,0,1,1
29.05,25.7,-62.28,1.26,297.9,0,1,1
29.3,25.7,-64.8,1.69,297.9,0,1,1
29.55,25.7,-64.08,1.19,297.9,0,1,1
29.8,25.7,-62.64,0.81,297.9,0,1,1
30.03,25.3,-61.2,1.09,297.9,0,1,1
30.27,25,-60.12,1.33,297.9,0,1,1
30.5,24.6,-60.84,1.09,297.9,0,1,1
30.74,24.2,-64.08,1.26,297.9,0,1,1
30.97,23.8,-66.96,1.37,297.9,0,1,1
31.19,23.6,-70.92,1.35,297.9,0,1,1
31.41,23.4,-72.72,1.36,297.9,0,1,1
31.63,23.2,-71.64,1.26,297.9,0,1,1
31.84,23,-70.56,1.38,297.9,0,1,1
32.06,22.8,-69.12,1.3,297.9,0,1,1
32.27,22.9,-68.04,1.31,297.9,0,1,1
32.47,23.1,-67.68,1.25,297.9,0,1,1
32.68,23.2,-69.48,1.4,297.9,0,1,1
32.88,23.4,-71.64,1.53,297.9,0,1,1
33.09,23.6,-73.08,1.57,297.9,0,1,1
33.29,23.2,-76.32,1.52,297.9,0,1,1
33.48,22.9,-77.4,1.08,297.9,0,1,1
33.68,22.6,-78.12,1.16,297.92,0,1,1
33.88,22.2,-77.76,0.77,297.96,0,1,1
34.08,21.9,-75.96,1.28,298,0,1,1
34.27,22.1,-73.08,1.26,298,0,1,1
34.47,22.3,-70.2,1.19,298,0,1,1
34.67,22.4,-69.12,0.96,298.04,0,1,1
34.86,22.6,-69.12,1.36,298.12,0,1,1
35.06,22.8,-71.64,1.3,298.2,0,1,1
35.25,22.8,-73.8,0.87,298.2,0,1,1
35.44,22.8,-74.52,0.67,298.2,0,1,1
35.64,22.9,-74.16,1.02,298.22,0,1,1
35.83,22.9,-75.24,0.76,298.26,0,1,1
36.02,22.9,-76.68,1.45,298.3,0,1,1
36.2,22.9,-80.28,1.81,298.3,0,1,1
36.39,23,-80.28,2.15,298.3,0,1,1
36.57,23,-79.2,1.39,298.32,0,1,1
36.76,23.1,-75.24,0.92,298.36,0,1,1
36.94,23.1,-74.52,1.24,298.4,0,1,1
37.13,23.1,-75.24,1.06,298.4,0,1,1
37.31,23.1,-77.76,1.06,298.4,0,1,1
37.5,23.1,-76.32,1.88,298.4,0,1,1
37.68,23.1,-74.16,1.5,298.4,0,1,1
37.87,23.1,-69.12,0.03,298.4,0,1,1
38.06,22.9,-60.12,0.18,298.36,0,1,1
38.26,22.6,-50.76,0.21,298.32,0,1,1
38.45,22.4,-30.24,0.31,298.3,0,1,1
38.65,22.1,-16.2,-0.21,298.3,0,1,1
38.84,21.9,3.96,-0.23,298.3,0,1,1
39.04,22.2,14.4,0.52,298.3,0,1,1
39.24,22.6,29.88,0.35,298.3,0,1,1
39.44,23,38.88,-1.09,298.28,0,1,1
39.64,23.3,53.28,-1.28,298.24,0,1,1
39.84,23.7,57.24,-1.07,298.2,0,1,1
40.03,23.8,64.08,-0.85,298.2,0,1,1
40.23,23.8,65.16,-0.75,298.2,0,1,1
40.43,23.9,70.56,-1.03,298.18,0,1,1
40.63,23.9,72,-0.8,298.14,0,1,1
40.83,24,75.24,-0.77,298.1,0,1,1
41.03,23.8,74.52,-1.22,298.1,0,1,1
41.24,23.7,72,-1.13,298.1,0,1,1
41.44,23.5,70.2,-1.29,298.08,0,1,1
41.64,23.3,66.24,-1.28,298.04,0,1,1
41.85,23.2,64.44,-0.96,298,0,1,1
42.06,23.1,65.16,-1.31,298,0,1,1
42.27,23.1,66.96,-1.39,298,0,1,1
42.48,23.1,70.56,-1.05,298,0,1,1
42.69,23.1,69.12,-1.39,298,0,1,1
42.9,23.1,62.28,-0.71,298,0,1,1
43.1,23,57.6,-1.53,298,0,1,1
43.31,22.9,51.12,-0.91,298,0,1,1
43.52,22.8,49.32,-0.97,297.98,0,1,1
43.73,22.8,50.4,-1.53,297.94,0,1,1
43.94,22.7,54.36,-1.12,297.9,0,1,1
44.14,23,60.48,-1.73,297.9,0,1,1
44.35,23.4,63.72,-0.46,297.9,0,1,1
44.55,23.7,65.88,-1.11,297.86,0,1,1
44.76,24.1,64.08,-0.78,297.78,0,1,1
44.97,24.4,55.44,-0.65,297.7,0,1,1
45.17,24.5,47.52,-0.71,297.7,0,1,1
45.37,24.6,42.12,-1.3,297.7,0,1,1
45.57,24.6,42.48,-1.45,297.68,0,1,1
45.78,24.7,47.16,-1.03,297.64,0,1,1
45.98,24.8,52.92,-1.57,297.6,0,1,1
46.18,24.8,59.4,-1.32,297.6,0,1,1
46.37,24.8,61.56,-1.01,297.6,0,1,1
46.57,24.9,60.48,-0.46,297.6,0,1,1
46.77,24.9,56.52,-0.79,297.6,0,1,1
46.97,24.9,46.8,-0.71,297.6,0,1,1
47.16,25,41.4,-0.62,297.6,0,1,1
47.36,25.1,33.48,-0.69,297.6,0,1,1
47.56,25.1,31.68,-1.35,297.6,0,1,1
47.76,25.2,31.32,-1.14,297.6,0,1,1
47.95,25.3,33.84,-0.54,297.6,0,1,1
48.15,25.4,36.72,-0.27,297.6,0,1,1
48.35,25.5,36,-0.39,297.6,0,1,1
48.55,25.6,29.16,-0.54,297.6,0,1,1
48.75,25.7,23.04,-0.36,297.6,0,1,1
48.95,25.8,16.92,-0.68,297.6,0,1,1
49.16,26.1,16.56,-1.3,297.6,0,1,1
49.37,26.4,21.96,-1.39,297.6,0,1,1
49.58,26.7,26.64,-0.87,297.58,0,1,1
49.79,27,34.92,-0.97,297.54,0,1,1
50,27.3,38.16,-0.82,297.5,0,1,1
50.22,27.6,42.84,-0.82,297.5,0,1,1
50.44,27.9,46.44,-1.23,297.5,0,1,1
50.66,28.3,49.68,-0.93,297.5,0,1,1
50.88,28.6,51.12,-1,297.5,0,1,1
51.1,29,52.2,-0.95,297.5,0,1,1
51.33,29.2,53.28,-0.74,297.5,0,1,1
51.55,29.5,55.8,-1.21,297.5,0,1,1
51.78,29.8,57.24,-1.31,297.48,0,1,1
52.01,30.1,58.68,-0.63,297.44,0,1,1
52.24,30.4,58.32,-0.75,297.4,0,1,1
52.48,30.5,57.6,-1.2,297.4,0,1,1
52.72,30.7,55.44,-1.2,297.4,0,1,1
52.97,30.9,49.68,-0.93,297.4,0,1,1
53.21,31,46.08,-0.83,297.4,0,1,1
53.45,31.2,39.24,-0.66,297.4,0,1,1
53.7,31.4,35.64,-0.71,297.4,0,1,1
53.96,31.6,27.72,-0.75,297.4,0,1,1
54.21,31.8,23.04,-0.85,297.42,0,1,1
54.47,32,17.28,-0.51,297.46,0,1,1
54.72,32.3,14.4,-0.36,297.5,0,1,1
54.99,32.6,9.36,-0.35,297.5,0,1,1
55.25,32.9,8.28,-0.7,297.5,0,1,1
55.52,33.2,9.36,-0.95,297.5,0,1,1
55.78,33.6,11.16,-0.96,297.5,0,1,1
56.05,33.9,13.32,-0.85,297.5,0,1,1
56.32,34.3,15.12,-0.92,297.5,0,1,1
56.6,34.7,15.84,-0.9,297.5,0,1,1
56.88,35.1,15.84,-0.47,297.5,0,1,1
57.16,35.6,15.12,-0.19,297.5,0,1,1
57.44,36,15.12,-0.45,297.5,0,1,1
57.73,36,12.96,-0.59,297.5,0,1,1
58.02,36.1,11.88,0.02,297.5,0,1,1
58.31,36.2,7.92,-0.07,297.52,0,1,1
58.6,36.2,5.76,-0.15,297.56,0,1,1
58.89,36.3,1.8,-0.25,297.6,0,1,1
59.2,36.8,0,-0.16,297.6,0,1,1
59.51,37.2,-2.16,0.2,297.6,0,1,1
59.82,37.6,-3.24,-0.01,297.58,0,1,1
60.13,38.1,-3.24,0.2,297.54,0,1,1
60.43,38.5,-2.88,0.4,297.5,0,1,1
60.76,38.4,-4.32,0.21,297.5,0,1,1
61.08,38.3,-5.76,-0.1,297.5,0,1,1
61.4,38.1,-7.92,0.46,297.5,0,1,1
61.73,38,-9.72,0.69,297.5,0,1,1
62.05,37.9,-13.68,0.21,297.5,0,1,1
62.39,37.8,-15.48,0.38,297.5,0,1,1
62.72,37.7,-20.52,0.73,297.5,0,1,1
63.06,37.6,-23.76,0.7,297.5,0,1,1
63.4,37.5,-27.72,0.6,297.5,0,1,1
63.73,37.3,-30.24,0.71,297.5,0,1,1
64.08,37.2,-34.92,1.38,297.5,0,1,1
64.42,37.1,-40.32,1.43,297.5,0,1,1
64.76,36.9,-45,1.39,297.5,0,1,1
65.1,36.8,-47.52,1.41,297.5,0,1,1
65.44,36.6,-50.76,1.58,297.5,0,1,1
65.79,36.5,-51.48,1.2,297.5,0,1,1
66.14,36.4,-48.96,1.08,297.5,0,1,1
66.48,36.3,-46.8,1.6,297.52,0,1,1
66.83,36.2,-47.16,1.01,297.56,0,1,1
67.18,36.1,-48.96,1.26,297.6,0,1,1
67.52,36.1,-49.68,1.28,297.6,0,1,1
67.87,36.1,-50.4,1.38,297.6,0,1,1
68.21,36.1,-51.48,1.44,297.6,0,1,1
68.56,36.2,-54.36,1.45,297.6,0,1,1
68.9,36.2,-55.44,1.5,297.6,0,1,1
69.23,36.2,-57.96,1.47,297.6,0,1,1
69.57,36.2,-59.76,1.44,297.6,0,1,1
69.9,36.3,-60.48,1.17,297.62,0,1,1
70.24,36.3,-58.32,1.3,297.66,0,1,1
70.57,36.3,-56.88,1.03,297.7,0,1,1
70.89,36.4,-55.08,1.36,297.7,0,1,1
71.22,36.5,-57.96,1.03,297.7,0,1,1
71.54,36.6,-59.04,1.24,297.72,0,1,1
71.86,36.7,-62.28,1.43,297.76,0,1,1
72.18,36.8,-63.36,1.18,297.8,0,1,1
72.5,36.7,-59.4,0.66,297.8,0,1,1
72.81,36.7,-47.16,0.65,297.8,0,1,1
73.12,36.7,-36,0.46,297.8,0,1,1
73.44,36.6,-27.72,0.88,297.8,0,1,1
73.75,36.6,-17.64,1.08,297.8,0,1,1
74.06,36.7,-14.04,0.88,297.8,0,1,1
74.37,36.9,-9.36,0.54,297.8,0,1,1
74.69,37,-4.32,0.68,297.8,0,1,1
75,37.2,2.16,0.48,297.8,0,1,1
75.31,37.4,6.12,0.47,297.8,0,1,1
75.62,37.7,11.16,0.77,297.8,0,1,1
75.93,38.1,22.32,0.37,297.8,0,1,1
76.24,38.5,28.08,0.26,297.8,0,1,1
76.55,38.8,31.32,0.2,297.8,0,1,1
76.86,39.2,32.4,-0.21,297.8,0,1,1
77.18,39.3,32.4,0.01,297.8,0,1,1
77.5,39.4,29.88,-0.09,297.8,0,1,1
77.82,39.5,25.56,-0.51,297.8,0,1,1
78.14,39.6,24.12,-0.85,297.8,0,1,1
78.46,39.8,19.08,-0.43,297.8,0,1,1
78.79,39.7,16.56,-0.35,297.8,0,1,1
79.12,39.6,15.48,-0.98,297.8,0,1,1
79.45,39.6,16.56,-0.94,297.8,0,1,1
79.78,39.5,18.72,-0.61,297.8,0,1,1
80.11,39.5,20.52,-0.46,297.8,0,1,1
80.44,39.7,26.28,-0.68,297.8,0,1,1
80.78,39.9,30.96,-0.63,297.8,0,1,1
81.12,40.1,37.08,-0.6,297.8,0,1,1
81.46,40.4,37.08,-0.55,297.8,0,1,1
81.8,40.6,33.84,-0.83,297.8,0,1,1
82.15,40.5,28.08,-0.72,297.8,0,1,1
82.5,40.5,16.56,-0.63,297.8,0,1,1
82.85,40.5,12.96,-0.96,297.8,0,1,1
83.2,40.4,14.04,-1.38,297.8,0,1,1
83.56,40.4,17.28,-1.07,297.8,0,1,1
83.91,40.5,24.12,-1.13,297.8,0,1,1
84.27,40.7,30.24,-1.22,297.8,0,1,1
84.63,40.8,35.28,-0.96,297.8,0,1,1
84.99,40.9,34.92,-1.01,297.8,0,1,1
85.35,41.1,37.08,-1.14,297.8,0,1,1
85.71,41.2,37.44,-1.17,297.8,0,1,1
86.07,41.3,38.16,-0.84,297.8,0,1,1
86.43,41.4,39.24,-1.28,297.8,0,1,1
86.79,41.5,43.92,-1.39,297.8,0,1,1
87.15,41.5,45.36,-1.29,297.8,0,1,1
87.51,41.5,45.36,-0.91,297.8,0,1,1
87.88,41.5,43.56,-1.24,297.8,0,1,1
88.24,41.5,37.44,-1.18,297.8,0,1,1
88.6,41.4,33.84,-0.87,297.8,0,1,1
88.97,41.4,32.76,-1.08,297.8,0,1,1
89.33,41.5,33.48,-1.13,297.8,0,1,1
89.69,41.6,36.72,-1.2,297.8,0,1,1
90.06,41.7,39.24,-1.21,297.82,0,1,1
90.42,41.8,42.12,-1.37,297.86,0,1,1
90.79,42,40.68,-1.05,297.9,0,1,1
91.15,42,36.72,-0.92,297.9,0,1,1
91.52,41.9,33.12,-1.1,297.9,0,1,1
91.89,41.9,28.8,-1.5,297.92,0,1,1
92.26,41.9,26.64,-1.09,297.96,0,1,1
92.63,41.9,25.56,-0.9,298,0,1,1
92.99,42,25.2,-1.04,298,0,1,1
93.36,42.1,24.12,-0.77,298,0,1,1
93.73,42.2,20.52,-0.62,298,0,1,1
94.1,42.3,15.84,-0.67,298,0,1,1
94.46,42.4,10.8,-0.74,298,0,1,1
94.83,42.6,3.6,-0.56,298,0,1,1
95.2,42.7,0,-0.33,298,0,1,1
95.56,42.9,0,-0.78,298,0,1,1
95.93,43,0,-0.64,298,0,1,1
96.29,43.2,3.6,-0.19,298,0,1,1
96.66,43.4,5.04,-0.05,298,0,1,1
97.03,43.5,3.96,-0.45,298,0,1,1
97.4,43.7,3.24,0.42,298,0,1,1
97.77,43.9,0,0.58,298,0,1,1
98.14,44.1,-3.6,-0.23,298,0,1,1
98.52,44.1,-6.12,0.25,298,0,1,1
98.9,44.1,-7.92,0.24,298,0,1,1
99.27,44,-9,0.44,298,0,1,1
99.65,44,-9,0.07,298,0,1,1
100.02,44,-9,0.24,298,0,1,1
100.41,44.2,-8.64,0.67,298,0,1,1
100.8,44.4,-9,0.56,298,0,1,1
101.18,44.5,-12.24,0.41,298,0,1,1
101.57,44.7,-16.92,0.47,298,0,1,1
101.95,44.8,-17.28,0.38,298,0,1,1
102.34,45,-19.08,0.41,298,0,1,1
102.74,45.1,-20.88,0.94,298,0,1,1
103.13,45.2,-22.32,0.88,298,0,1,1
103.52,45.3,-26.28,0.64,298,0,1,1
103.92,45.5,-29.52,0.9,298,0,1,1
104.31,45.2,-32.76,1.11,298,0,1,1
104.71,44.9,-32.76,0.96,298,0,1,1
105.11,44.7,-32.4,1,298,0,1,1
105.51,44.4,-29.88,0.86,298,0,1,1
105.9,44.1,-32.76,1.48,298,0,1,1
106.3,43.9,-35.28,1.49,298,0,1,1
106.7,43.6,-40.68,1.23,298,0,1,1
107.1,43.3,-42.12,1.24,298,0,1,1
107.49,43,-42.12,1,298,0,1,1
107.89,42.8,-39.24,0.94,298,0,1,1
108.29,42.7,-32.76,0.69,298,0,1,1
108.69,42.6,-30.96,0.76,298,0,1,1
109.09,42.4,-29.88,1.49,298,0,1,1
109.48,42.3,-30.96,1.21,298,0,1,1
109.88,42.2,-30.96,1.2,298,0,1,1
110.28,41.9,-29.88,1.46,298,0,1,1
110.67,41.7,-27.72,0.89,298,0,1,1
111.06,41.4,-24.12,1.02,298.02,0,1,1
111.46,41.1,-23.76,1.1,298.06,0,1,1
111.85,40.9,-25.56,1.2,298.1,0,1,1
112.24,40.7,-29.88,1.4,298.1,0,1,1
112.63,40.6,-32.4,1.12,298.1,0,1,1
113.01,40.4,-34.92,1.3,298.12,0,1,1
113.4,40.3,-35.28,1.12,298.16,0,1,1
113.79,40.2,-35.64,1.04,298.2,0,1,1
114.16,40,-37.08,1.04,298.2,0,1,1
114.54,39.8,-38.52,1.58,298.2,0,1,1
114.91,39.6,-42.48,1.25,298.2,0,1,1
115.28,39.4,-42.12,1.23,298.2,0,1,1
115.66,39.2,-41.04,1.33,298.2,0,1,1
116.02,39.1,-39.24,1.48,298.2,0,1,1
116.39,39,-39.6,1.11,298.2,0,1,1
116.75,38.9,-38.88,1.06,298.2,0,1,1
117.11,38.8,-37.44,1.04,298.2,0,1,1
117.48,38.7,-38.16,1.23,298.2,0,1,1
117.83,38.5,-36.72,1.2,298.2,0,1,1
118.18,38.4,-32.76,0.92,298.2,0,1,1
118.53,38.2,-30.24,1.07,298.2,0,1,1
118.89,38.1,-28.44,1.26,298.2,0,1,1
119.24,37.9,-28.08,0.86,298.2,0,1,1
119.58,37.8,-26.64,0.64,298.2,0,1,1
119.92,37.8,-21.96,0.65,298.2,0,1,1
120.26,37.7,-16.92,1.13,298.18,0,1,1
120.6,37.6,-13.32,0.93,298.14,0,1,1
120.95,37.5,-13.68,0.79,298.1,0,1,1
121.28,37.7,-15.48,0.74,298.1,0,1,1
121.62,37.8,-17.28,0.94,298.1,0,1,1
121.95,37.9,-18.72,1.01,298.1,0,1,1
122.29,38,-19.08,0.64,298.1,0,1,1
122.62,38.2,-16.56,0.38,298.1,0,1,1
122.96,38.3,-14.76,0.73,298.1,0,1,1
123.29,38.4,-14.76,0.6,298.1,0,1,1
123.63,38.6,-18,0.77,298.1,0,1,1
123.96,38.7,-21.96,0.66,298.1,0,1,1
124.29,38.9,-15.84,0.22,298.1,0,1,1
124.63,39,-8.64,-0.7,298.1,0,1,1
124.96,39.1,0,-0.13,298.1,0,1,1
125.29,39.2,12.24,0.07,298.12,0,1,1
125.63,39.3,16.92,-0.27,298.16,0,1,1
125.96,39.5,21.96,-0.96,298.2,0,1,1
126.29,39.4,26.28,-0.94,298.2,0,1,1
126.63,39.3,34.2,-0.39,298.2,0,1,1
126.96,39.2,38.52,-0.78,298.2,0,1,1
127.3,39.1,42.48,-1.17,298.2,0,1,1
127.63,39.1,42.84,-1.03,298.2,0,1,1
127.97,38.6,39.24,-0.85,298.2,0,1,1
128.31,38.2,35.28,-0.9,298.2,0,1,1
128.64,37.8,25.92,-0.68,298.2,0,1,1
128.98,37.3,19.08,-0.45,298.2,0,1,1
129.32,36.9,14.76,-0.92,298.2,0,1,1
129.66,36.8,16.56,-1.03,298.2,0,1,1
130,36.6,22.68,-0.88,298.2,0,1,1
130.34,36.5,25.56,-0.87,298.2,0,1,1
130.68,36.4,28.8,-1.29,298.2,0,1,1
131.03,36.2,31.68,-1.4,298.2,0,1,1
131.36,36,34.56,-1.08,298.2,0,1,1
131.7,35.8,36.72,-0.75,298.2,0,1,1
132.04,35.6,39.6,-1.05,298.2,0,1,1
132.38,35.4,41.76,-1.15,298.2,0,1,1
132.72,35.1,45,-0.8,298.2,0,1,1
133.05,34.7,43.2,-0.75,298.2,0,1,1
133.38,34.2,35.64,-1.02,298.2,0,1,1
133.72,33.8,27.36,-0.77,298.2,0,1,1
134.05,33.3,19.44,-1.11,298.2,0,1,1
134.39,32.8,19.8,-1.27,298.2,0,1,1
134.71,32.6,25.2,-1.41,298.2,0,1,1
135.04,32.3,28.8,-0.9,298.2,0,1,1
135.36,32,36,-0.62,298.18,0,1,1
135.69,31.7,42.48,-0.81,298.14,0,1,1
136.01,31.5,47.16,-0.74,298.1,0,1,1
136.33,31.1,47.52,-0.83,298.1,0,1,1
136.64,30.8,43.92,-1.01,298.1,0,1,1
136.95,30.5,40.68,-1.08,298.12,0,1,1
137.26,30.2,38.88,-1.33,298.16,0,1,1
137.57,29.9,41.76,-1.45,298.2,0,1,1
137.87,29.8,48.6,-1.71,298.2,0,1,1
138.17,29.7,53.28,-1.58,298.2,0,1,1
138.46,29.5,56.88,-1.18,298.2,0,1,1
138.76,29.4,57.24,-0.8,298.2,0,1,1
139.06,29.2,54.36,-0.35,298.2,0,1,1
139.34,28.9,50.4,-0.42,298.2,0,1,1
139.63,28.6,43.92,-1.07,298.2,0,1,1
139.91,28.3,41.04,-1.56,298.22,0,1,1
140.2,28,40.68,-1.67,298.26,0,1,1
140.48,27.7,42.84,-0.97,298.3,0,1,1
140.75,27.8,49.32,-1.61,298.3,0,1,1
141.02,27.8,53.64,-2.3,298.3,0,1,1
141.29,27.9,63.72,-1.36,298.3,0,1,1
141.56,28,69.48,-1.37,298.3,0,1,1
141.83,28.1,78.84,-1.43,298.3,0,1,1
142.09,27.9,83.16,-0.91,298.3,0,1,1
142.35,27.7,84.96,-1.73,298.3,0,1,1
142.61,27.5,81.36,-1,298.3,0,1,1
142.87,27.3,74.16,-1.78,298.3,0,1,1
143.13,27.1,72.72,-1.04,298.3,0,1,1
143.38,26.9,75.96,-1.71,298.3,0,1,1
143.63,26.8,78.84,-2.12,298.3,0,1,1
143.88,26.7,84.24,-1.02,298.3,0,1,1
144.13,26.6,88.2,-1.08,298.3,0,1,1
144.38,26.5,93.6,-1.73,298.3,0,1,1
144.62,26.3,95.76,-1.33,298.3,0,1,1
144.86,26.1,93.96,-1.1,298.3,0,1,1
145.1,25.9,90,-2.07,298.3,0,1,1
145.34,25.7,85.68,-0.62,298.3,0,1,1
145.58,25.5,83.52,-1.66,298.3,0,1,1
145.81,25.1,82.08,-0.77,298.3,0,1,1
146.04,24.8,81.36,-1.16,298.3,0,1,1
146.28,24.4,77.76,0.31,298.32,0,1,1
146.51,24.1,68.04,-0.44,298.36,0,1,1
146.74,23.7,50.04,-0.32,298.4,0,1,1
146.97,23.7,34.92,-0.75,298.4,0,1,1
147.19,23.7,19.08,-0.38,298.4,0,1,1
147.42,23.8,8.64,-1.34,298.4,0,1,1
147.64,23.8,-5.04,-0.45,298.4,0,1,1
147.87,23.8,-13.68,-0.4,298.4,0,1,1
148.09,23.9,-24.48,-0.7,298.4,0,1,1
148.31,24,-30.96,-0.49,298.4,0,1,1
148.54,24.2,-38.52,-0.16,298.4,0,1,1
148.76,24.3,-42.48,-0.73,298.4,0,1,1
148.99,24.5,-43.2,-0.84,298.4,0,1,1
149.2,24.4,-40.68,-0.14,298.4,0,1,1
149.42,24.3,-36.36,0.43,298.4,0,1,1
149.64,24.2,-34.92,0.13,298.42,0,1,1
149.86,24.1,-30.96,-0.3,298.46,0,1,1
150.08,24,-27.36,0.24,298.5,0,1,1
150.29,23.9,-21.96,0.72,298.5,0,1,1
150.51,23.9,-12.96,-0.32,298.5,0,1,1
150.73,23.8,-8.28,0.62,298.5,0,1,1
150.95,23.8,-11.52,0.43,298.5,0,1,1
151.16,23.7,-12.96,0.42,298.5,0,1,1
151.38,23.9,-14.04,0.26,298.5,0,1,1
151.61,24.1,-15.12,0.14,298.5,0,1,1
151.83,24.2,-16.56,0.72,298.52,0,1,1
152.05,24.4,-18.72,0.68,298.56,0,1,1
152.27,24.6,-24.48,0.46,298.6,0,1,1
152.49,24.6,-28.8,1.18,298.6,0,1,1
152.7,24.5,-34.92,0.72,298.6,0,1,1
152.92,24.5,-35.64,0.15,298.6,0,1,1
153.14,24.5,-34.2,0.73,298.6,0,1,1
153.36,24.4,-33.12,1.08,298.6,0,1,1
153.58,24.7,-34.2,1.19,298.6,0,1,1
153.8,25,-36,0.44,298.6,0,1,1
154.02,25.2,-44.28,1.47,298.6,0,1,1
154.24,25.5,-50.4,1.34,298.6,0,1,1
154.46,25.7,-58.32,0.88,298.6,0,1,1
154.68,25.7,-62.64,1.33,298.6,0,1,1
154.9,25.6,-66.96,1.08,298.6,0,1,1
155.12,25.6,-68.04,1.21,298.6,0,1,1
155.34,25.5,-68.76,1.24,298.6,0,1,1
155.55,25.4,-67.32,1.46,298.6,0,1,1
155.77,25.5,-64.8,0.94,298.6,0,1,1
155.99,25.5,-64.8,1.55,298.6,0,1,1
156.2,25.5,-67.68,1.69,298.58,0,1,1
156.42,25.6,-69.48,1.01,298.54,0,1,1
156.64,25.6,-72.72,1.36,298.5,0,1,1
156.85,25.7,-74.52,1.25,298.5,0,1,1
157.06,25.8,-77.04,1.4,298.5,0,1,1
157.27,25.9,-76.68,1.2,298.5,0,1,1
157.48,26,-73.8,1.13,298.5,0,1,1
157.7,26.1,-69.12,1.09,298.5,0,1,1
157.9,26.2,-68.04,1.24,298.5,0,1,1
158.11,26.3,-66.96,0.91,298.5,0,1,1
158.31,26.4,-68.76,0.88,298.5,0,1,1
158.52,26.5,-70.2,1.28,298.5,0,1,1
158.72,26.6,-72,1.58,298.5,0,1,1
158.93,26.7,-74.52,1.74,298.5,0,1,1
159.13,26.8,-76.68,1.49,298.5,0,1,1
159.33,26.9,-77.76,1.42,298.52,0,1,1
159.54,27,-77.4,1.27,298.56,0,1,1
159.74,27.1,-73.08,1.36,298.6,0,1,1
159.95,27.1,-68.4,0.99,298.6,0,1,1
160.15,27,-64.44,1.2,298.6,0,1,1
160.36,26.9,-60.84,1,298.64,0,1,1
160.56,26.8,-57.6,1.42,298.72,0,1,1
160.77,26.7,-55.08,1.56,298.8,0,1,1
160.98,27,-55.08,1.48,298.8,0,1,1
161.2,27.2,-57.96,1.37,298.8,0,1,1
161.41,27.4,-60.84,1.09,298.82,0,1,1
161.62,27.6,-61.92,1.57,298.86,0,1,1
161.83,27.8,-59.04,1.43,298.9,0,1,1
162.04,27.8,-53.28,1.14,298.9,0,1,1
162.25,27.8,-46.8,1.11,298.9,0,1,1
162.45,27.8,-42.12,1.17,298.9,0,1,1
162.66,27.8,-38.88,1.09,298.9,0,1,1
162.87,27.8,-36,0.99,298.9,0,1,1
163.08,28,-33.12,0.55,298.9,0,1,1
163.3,28.2,-32.04,0.95,298.9,0,1,1
163.51,28.4,-26.28,1.02,298.9,0,1,1
163.73,28.6,-21.24,0.6,298.9,0,1,1
163.94,28.8,-10.44,0.75,298.9,0,1,1
164.16,29,-2.88,0.78,298.9,0,1,1
164.38,29.2,2.52,0.44,298.9,0,1,1
164.6,29.4,7.56,0.42,298.88,0,1,1
164.82,29.7,7.56,0.41,298.84,0,1,1
165.04,29.9,6.48,0.59,298.8,0,1,1
165.28,30.2,2.52,0.32,298.8,0,1,1
165.52,30.5,-1.44,0.16,298.8,0,1,1
165.76,30.8,-4.68,0.27,298.8,0,1,1
166,31.1,-7.56,0.37,298.8,0,1,1
166.24,31.5,-9,-0.13,298.8,0,1,1
166.5,31.9,-9.72,-0.03,298.8,0,1,1
166.76,32.3,-7.92,-0.09,298.8,0,1,1
167.02,32.8,-4.68,-0.44,298.8,0,1,1
167.28,33.2,3.96,-0.54,298.8,0,1,1
167.53,33.6,9,-0.83,298.8,0,1,1
167.81,33.7,15.84,-0.44,298.8,0,1,1
168.08,33.7,18.72,-0.52,298.8,0,1,1
168.35,33.7,24.12,-0.92,298.8,0,1,1
168.62,33.7,27.72,-1.25,298.8,0,1,1
168.89,33.8,33.84,-0.48,298.8,0,1,1
169.18,33.6,39.96,-1.01,298.8,0,1,1
169.46,33.4,46.8,-0.88,298.8,0,1,1
169.75,33.2,49.68,-1.23,298.8,0,1,1
170.04,33,49.68,-0.5,298.8,0,1,1
170.32,32.8,45.72,-0.7,298.8,0,1,1
170.62,32.6,38.88,-0.95,298.8,0,1,1
170.91,32.4,35.28,-0.82,298.8,0,1,1
171.21,32.2,30.96,-0.85,298.78,0,1,1
171.5,32,30.96,-1.41,298.74,0,1,1
171.8,31.7,34.92,-1.03,298.7,0,1,1
172.1,31.5,37.8,-0.86,298.7,0,1,1
172.41,31.3,40.32,-1.04,298.7,0,1,1
172.71,31.1,40.68,-1.12,298.7,0,1,1
173.01,30.9,36.72,-0.89,298.7,0,1,1
173.31,30.7,33.48,-1.29,298.7,0,1,1
173.62,30.8,34.56,-1.28,298.7,0,1,1
173.92,30.8,38.52,-1.69,298.7,0,1,1
174.22,30.9,44.28,-1.18,298.7,0,1,1
174.52,31,47.16,-0.99,298.7,0,1,1
174.83,31,52.2,-1.45,298.7,0,1,1
175.12,30.4,54.36,-1.6,298.7,0,1,1
175.42,29.9,52.92,-1.38,298.7,0,1,1
175.71,29.3,49.32,-0.68,298.7,0,1,1
176.01,28.7,44.64,-0.77,298.7,0,1,1
176.3,28.1,42.12,-1,298.7,0,1,1
176.59,28.2,40.68,-0.9,298.7,0,1,1
176.87,28.3,42.84,-1.11,298.7,0,1,1
177.16,28.4,44.64,-1.8,298.7,0,1,1
177.44,28.5,46.44,-1.95,298.7,0,1,1
177.73,28.5,46.8,-1.21,298.7,0,1,1
178,28.2,46.08,-0.7,298.7,0,1,1
178.28,27.9,46.8,-1.51,298.7,0,1,1
178.55,27.6,47.88,-1.15,298.7,0,1,1
178.83,27.3,49.68,-0.88,298.7,0,1,1
179.11,27,53.28,-1.62,298.7,0,1,1
179.36,26.8,55.08,-1.04,298.7,0,1,1
179.62,26.5,56.52,-1.6,298.7,0,1,1
179.88,26.3,56.52,-1.27,298.7,0,1,1
180.14,26.1,52.92,-0.66,298.7,0,1,1
180.4,25.9,49.68,-1.54,298.7,0,1,1
180.65,25.8,49.32,-0.85,298.7,0,1,1
180.9,25.7,52.2,-1.34,298.7,0,1,1
181.15,25.6,54.36,-1.15,298.7,0,1,1
181.41,25.5,55.44,-1.01,298.7,0,1,1
181.66,25.4,54,-1.1,298.7,0,1,1
181.9,25.2,49.32,-1.21,298.7,0,1,1
182.15,25.1,45.36,-0.76,298.7,0,1,1
182.39,24.9,42.84,-1.39,298.7,0,1,1
182.64,24.8,44.64,-0.63,298.7,0,1,1
182.88,24.6,46.44,-1.49,298.7,0,1,1
183.12,24.4,47.88,-0.55,298.7,0,1,1
183.36,24.2,44.28,-1.1,298.7,0,1,1
183.6,24,35.64,-0.09,298.72,0,1,1
183.84,23.8,29.52,-1.05,298.76,0,1,1
184.08,23.6,22.32,-0.3,298.8,0,1,1
184.3,23.8,19.08,0.15,298.8,0,1,1
184.53,23.9,14.76,-0.15,298.8,0,1,1
184.75,24.1,10.44,-0.29,298.78,0,1,1
184.98,24.2,0,0.57,298.74,0,1,1
185.2,24.3,-7.92,0.75,298.7,0,1,1
185.42,24.4,-14.4,0.68,298.7,0,1,1
185.64,24.5,-22.68,0.31,298.7,0,1,1
185.86,24.6,-28.44,1.15,298.7,0,1,1
186.08,24.7,-38.16,0.93,298.7,0,1,1
186.3,24.8,-42.12,0.93,298.7,0,1,1
186.52,24.7,-50.04,1.24,298.7,0,1,1
186.74,24.6,-54.36,1.26,298.7,0,1,1
186.96,24.5,-57.96,1.23,298.7,0,1,1
187.18,24.4,-59.4,0.91,298.7,0,1,1
187.4,24.3,-61.92,1.32,298.7,0,1,1
187.61,24.2,-63.72,1.57,298.7,0,1,1
187.83,24.2,-66.24,1.63,298.7,0,1,1
188.05,24.1,-68.04,1.16,298.7,0,1,1
188.26,24.1,-70.92,1.16,298.7,0,1,1
188.48,24,-73.8,1.75,298.7,0,1,1
188.69,23.9,-75.96,1.15,298.7,0,1,1
188.9,23.9,-77.76,1.02,298.7,0,1,1
189.12,23.8,-78.12,1.12,298.72,0,1,1
189.33,23.8,-75.24,1.18,298.76,0,1,1
189.54,23.7,-73.44,1.24,298.8,0,1,1
189.74,24.2,-72,1.43,298.8,0,1,1
189.95,24.6,-73.8,1.79,298.8,0,1,1
190.15,25.1,-77.4,1.27,298.8,0,1,1
190.36,25.6,-79.56,1.26,298.8,0,1,1
190.56,26,-83.16,1.32,298.8,0,1,1
190.76,25.3,-85.32,1.52,298.8,0,1,1
190.95,24.7,-86.4,1.68,298.8,0,1,1
191.15,24,-86.4,0.88,298.8,0,1,1
191.35,23.3,-84.6,1.29,298.8,0,1,1
191.55,22.6,-82.08,1.45,298.8,0,1,1
191.73,22.5,-76.32,0.84,298.8,0,1,1
191.92,22.3,-72.36,1.14,298.8,0,1,1
192.11,22.1,-68.04,0.92,298.8,0,1,1
192.3,21.9,-67.32,1.35,298.8,0,1,1
192.49,21.8,-69.84,1.1,298.8,0,1,1
192.66,21.9,-74.88,1.67,298.8,0,1,1
192.84,22.1,-78.12,1.24,298.8,0,1,1
193.02,22.2,-80.28,1.47,298.78,0,1,1
193.2,22.4,-79.56,1.14,298.74,0,1,1
193.38,22.6,-78.48,1.47,298.7,0,1,1
193.55,22.6,-77.4,1.68,298.7,0,1,1
193.72,22.7,-75.24,1.22,298.7,0,1,1
193.9,22.7,-72,0.78,298.72,0,1,1
194.07,22.7,-68.4,0.8,298.76,0,1,1
194.24,22.8,-66.96,1.08,298.8,0,1,1
194.41,22.9,-63,0.42,298.8,0,1,1
194.57,23,-60.84,0.07,298.8,0,1,1
194.74,23.1,-57.6,0.17,298.78,0,1,1
194.9,23.3,-52.2,0.37,298.74,0,1,1
195.06,23.4,-46.08,-0.3,298.7,0,1,1
195.23,23.8,-33.12,-0.31,298.7,0,1,1
195.4,24.2,-17.28,-0.23,298.7,0,1,1
195.57,24.6,6.12,-0.84,298.7,0,1,1
195.74,25,21.24,-0.63,298.7,0,1,1
195.9,25.4,34.2,-0.17,298.7,0,1,1
196.11,25.7,38.16,-0.67,298.7,0,1,1
196.31,25.9,38.88,-0.57,298.7,0,1,1
196.51,26.2,40.68,-0.63,298.7,0,1,1
196.71,26.4,45.72,-0.91,298.7,0,1,1
196.91,26.7,51.48,-0.92,298.7,0,1,1
197.12,26.9,57.96,-0.99,298.7,0,1,1
197.32,27.2,60.84,-1.39,298.7,0,1,1
197.52,27.5,63.72,-1.45,298.7,0,1,1
197.73,27.7,64.08,-0.87,298.7,0,1,1
197.93,28,63.36,-1.15,298.7,0,1,1
198.14,28.2,62.64,-1.21,298.7,0,1,1
198.35,28.3,60.48,-0.76,298.7,0,1,1
198.55,28.5,60.12,-0.48,298.7,0,1,1
198.76,28.6,58.32,-1.18,298.7,0,1,1
198.97,28.7,57.24,-0.98,298.7,0,1,1
199.18,28.9,55.44,-1.04,298.7,0,1,1
199.4,29.1,54,-0.98,298.7,0,1,1
199.62,29.3,50.04,-0.79,298.7,0,1,1
199.83,29.5,43.56,-1,298.7,0,1,1
200.05,29.7,34.56,-0.5,298.7,0,1,1
200.27,29.8,27.72,-1.01,298.7,0,1,1
200.5,29.9,20.16,-0.66,298.7,0,1,1
200.72,30,16.56,-0.35,298.7,0,1,1
200.94,30.1,12.96,-0.66,298.7,0,1,1
201.17,30.2,11.52,-1.04,298.7,0,1,1
201.4,30.6,11.16,-1,298.7,0,1,1
201.63,31.1,12.24,-0.87,298.7,0,1,1
201.86,31.5,12.96,-0.19,298.68,0,1,1
202.09,31.9,12.96,-0.39,298.64,0,1,1
202.33,32.3,9.36,-0.63,298.6,0,1,1
202.56,32.6,5.76,-0.17,298.6,0,1,1
202.8,32.9,0,-0.33,298.6,0,1,1
203.04,33.3,0,-0.13,298.6,0,1,1
203.28,33.6,-1.08,-0.8,298.6,0,1,1
203.52,33.9,2.16,-0.8,298.6,0,1,1
203.77,34.2,10.44,-0.69,298.6,0,1,1
204.02,34.6,15.48,-1.06,298.6,0,1,1
204.27,34.9,21.96,-1.17,298.6,0,1,1
204.51,35.3,25.56,-0.82,298.6,0,1,1
204.76,35.6,29.88,-0.48,298.6,0,1,1
205.03,35.9,30.6,-0.38,298.6,0,1,1
205.3,36.2,30.6,-0.59,298.6,0,1,1
205.57,36.5,28.44,-0.79,298.6,0,1,1
205.84,36.8,24.12,-0.53,298.6,0,1,1
206.1,37,22.32,-0.58,298.6,0,1,1
206.39,37.3,20.16,-0.18,298.6,0,1,1
206.68,37.5,18.72,-0.38,298.6,0,1,1
206.97,37.7,16.2,-0.32,298.6,0,1,1
207.26,38,14.4,-0.43,298.6,0,1,1
207.55,38.2,9.36,-0.13,298.6,0,1,1
207.86,38.3,6.48,-0.23,298.6,0,1,1
208.17,38.4,2.52,-0.42,298.6,0,1,1
208.48,38.5,1.8,-0.45,298.6,0,1,1
208.79,38.7,3.6,-0.39,298.6,0,1,1
209.1,38.8,6.12,-0.58,298.6,0,1,1
209.43,39.2,11.16,-0.6,298.6,0,1,1
209.76,39.7,14.04,-0.55,298.6,0,1,1
210.09,40.1,16.92,-0.33,298.6,0,1,1
210.42,40.5,17.28,-0.5,298.6,0,1,1
210.75,41,17.64,-0.58,298.6,0,1,1
211.1,41.3,17.28,-0.22,298.6,0,1,1
211.45,41.7,15.12,-0.54,298.6,0,1,1
211.8,42,13.32,-0.51,298.6,0,1,1
212.15,42.3,14.04,-0.27,298.6,0,1,1
212.5,42.6,14.4,-0.35,298.6,0,1,1
212.86,42.8,15.48,-0.66,298.6,0,1,1
213.22,42.9,15.84,-0.58,298.6,0,1,1
213.59,43,14.76,-0.2,298.62,0,1,1
213.95,43.1,12.24,-0.31,298.66,0,1,1
214.32,43.2,9,-0.43,298.7,0,1,1
214.7,43.5,8.64,-0.25,298.7,0,1,1
215.07,43.8,7.56,-0.42,298.7,0,1,1
215.45,44.2,7.56,-0.57,298.68,0,1,1
215.83,44.5,9.72,-0.3,298.64,0,1,1
216.2,44.8,10.44,-0.28,298.6,0,1,1
216.59,44.8,9.36,-0.55,298.6,0,1,1
216.98,44.9,9.72,-0.52,298.6,0,1,1
217.37,44.9,10.08,-0.01,298.6,0,1,1
217.77,44.9,8.28,-0.36,298.6,0,1,1
218.16,45,7.92,-0.63,298.6,0,1,1
218.56,45,8.28,-0.24,298.6,0,1,1
218.96,45,6.84,-0.4,298.6,0,1,1
219.36,45.1,7.56,-0.53,298.6,0,1,1
219.76,45.1,7.2,-0.2,298.6,0,1,1
220.16,45.2,7.2,-0.1,298.6,0,1,1
220.56,45.3,6.84,-0.27,298.6,0,1,1
220.97,45.4,6.84,-0.44,298.6,0,1,1
221.38,45.5,6.12,0.02,298.6,0,1,1
221.79,45.7,4.68,-0.21,298.6,0,1,1
222.2,45.8,4.68,-0.45,298.6,0,1,1
222.61,45.9,3.96,0.1,298.6,0,1,1
223.03,46,2.16,-0.03,298.6,0,1,1
223.44,46.2,3.24,-0.26,298.6,0,1,1
223.86,46.3,3.6,-0.36,298.6,0,1,1
224.27,46.4,3.96,-0.02,298.6,0,1,1
224.69,46.5,5.4,-0.3,298.6,0,1,1
225.11,46.7,6.48,0.08,298.6,0,1,1
225.53,46.8,5.4,-0.36,298.6,0,1,1
225.96,46.9,7.2,-0.32,298.6,0,1,1
226.38,47,6.12,-0.01,298.6,0,1,1
226.8,46.9,5.4,-0.25,298.6,0,1,1
227.23,46.9,6.12,-0.56,298.6,0,1,1
227.66,46.8,6.12,-0.03,298.6,0,1,1
228.08,46.8,6.12,0.03,298.6,0,1,1
228.51,46.7,7.2,-0.43,298.6,0,1,1
228.94,46.3,8.64,-0.23,298.6,0,1,1
229.36,45.9,9.36,-0.1,298.6,0,1,1
229.79,45.5,9.36,-0.13,298.6,0,1,1
230.22,45.1,8.28,-0.55,298.6,0,1,1
230.65,44.7,7.92,-0.45,298.6,0,1,1
231.08,44.5,6.84,-0.55,298.6,0,1,1
231.51,44.4,12.6,-0.87,298.6,0,1,1
231.94,44.2,16.56,-0.71,298.6,0,1,1
232.37,44,25.2,-0.62,298.6,0,1,1
232.81,43.8,28.8,-1.01,298.6,0,1,1
233.24,43.3,33.84,-0.85,298.6,0,1,1
233.67,42.8,34.56,-0.66,298.6,0,1,1
234.1,42.3,32.4,-1,298.6,0,1,1
234.53,41.8,30.6,-1.08,298.6,0,1,1
234.96,41.3,28.08,-0.76,298.6,0,1,1
235.38,41.1,29.88,-1.18,298.6,0,1,1
235.81,40.9,33.12,-0.85,298.6,0,1,1
236.23,40.7,33.48,-0.93,298.6,0,1,1
236.66,40.5,33.12,-1.06,298.6,0,1,1
237.08,40.3,28.44,-1.12,298.6,0,1,1
237.49,40,16.2,-0.01,298.6,0,1,1
237.91,39.8,5.4,-0.39,298.6,0,1,1
238.32,39.6,0,-0.98,298.6,0,1,1
238.73,39.4,6.48,-0.84,298.6,0,1,1
239.15,39.2,10.44,-0.44,298.6,0,1,1
239.55,38.7,11.16,-0.64,298.6,0,1,1
239.94,38.1,12.96,-1.26,298.6,0,1,1
240.34,37.6,17.28,-1.16,298.58,0,1,1
240.74,37.1,14.04,-0.02,298.54,0,1,1
241.14,36.5,10.08,-0.47,298.5,0,1,1
241.52,36.3,12.24,-1.33,298.5,0,1,1
241.9,36,18.36,-1.01,298.5,0,1,1
242.28,35.7,24.84,-0.58,298.52,0,1,1
242.66,35.4,26.64,-0.31,298.56,0,1,1
243.03,35.1,24.48,-0.59,298.6,0,1,1
243.39,34.8,18.36,-0.14,298.6,0,1,1
243.75,34.5,6.12,0.4,298.6,0,1,1
244.11,34.1,0,0.01,298.58,0,1,1
244.47,33.8,-6.84,0.18,298.54,0,1,1
244.83,33.5,-10.44,0.19,298.5,0,1,1
245.18,33.5,-19.08,0.86,298.5,0,1,1
245.53,33.6,-25.56,0.81,298.5,0,1,1
245.88,33.6,-35.64,0.85,298.5,0,1,1
246.23,33.7,-41.04,0.97,298.5,0,1,1
246.58,33.7,-46.44,0.8,298.5,0,1,1
246.91,33.6,-48.96,1.36,298.5,0,1,1
247.24,33.5,-53.64,1.49,298.5,0,1,1
247.58,33.3,-57.6,0.84,298.5,0,1,1
247.91,33.2,-61.92,1.09,298.5,0,1,1
248.24,33.1,-64.08,1.34,298.5,0,1,1
248.56,33,-65.16,1.48,298.5,0,1,1
248.88,33,-64.8,1.45,298.5,0,1,1
249.2,32.9,-62.64,1.32,298.5,0,1,1
249.52,32.9,-61.92,1.4,298.5,0,1,1
249.84,32.9,-62.64,1.35,298.5,0,1,1
250.14,32.8,-64.44,1.73,298.5,0,1,1
250.44,32.7,-68.04,1.81,298.5,0,1,1
250.74,32.6,-68.76,1.66,298.5,0,1,1
251.04,32.5,-66.96,1.48,298.5,0,1,1
251.33,32.4,-65.16,1.44,298.5,0,1,1
251.62,32.2,-65.16,1.71,298.5,0,1,1
251.9,31.9,-64.8,1.52,298.5,0,1,1
252.19,31.7,-65.52,1.38,298.5,0,1,1
252.47,31.4,-67.68,1.5,298.5,0,1,1
252.76,31.1,-71.28,1.25,298.5,0,1,1
253.03,31.1,-73.08,1.53,298.5,0,1,1
253.29,31,-73.8,1.5,298.5,0,1,1
253.56,30.9,-70.56,1.46,298.5,0,1,1
253.83,30.8,-64.44,0.97,298.5,0,1,1
254.1,30.7,-54.72,1.16,298.5,0,1,1
254.36,30.5,-46.8,1.04,298.5,0,1,1
254.61,30.3,-41.4,0.91,298.5,0,1,1
254.87,30.1,-33.12,0.91,298.5,0,1,1
255.13,29.9,-28.44,1.07,298.5,0,1,1
255.39,29.7,-21.96,0.58,298.5,0,1,1
255.64,30.1,-16.56,0.66,298.5,0,1,1
255.89,30.6,-3.6,0.41,298.5,0,1,1
256.15,31,5.04,0.11,298.5,0,1,1
256.4,31.4,14.76,0.22,298.5,0,1,1
256.65,31.9,28.8,-0.19,298.5,0,1,1
256.9,32,35.28,-0.33,298.5,0,1,1
257.15,32.2,40.32,-0.72,298.5,0,1,1
257.4,32.4,42.48,-0.93,298.5,0,1,1
257.65,32.5,46.44,-0.61,298.5,0,1,1
257.9,32.7,51.84,-0.81,298.5,0,1,1
258.15,33,57.6,-0.88,298.5,0,1,1
258.41,33.2,60.12,-1.18,298.5,0,1,1
258.66,33.5,63.72,-1.45,298.5,0,1,1
258.92,33.8,63.36,-1.4,298.5,0,1,1
259.18,34,63.36,-1.12,298.5,0,1,1
259.44,34.2,63.72,-1.11,298.5,0,1,1
259.7,34.3,63,-1.36,298.5,0,1,1
259.96,34.5,63,-1.01,298.5,0,1,1
260.22,34.7,61.56,-1.18,298.5,0,1,1
260.49,34.8,63.36,-1.29,298.5,0,1,1
260.75,34.9,68.04,-1.32,298.5,0,1,1
261.02,35,72.36,-1.11,298.5,0,1,1
261.29,35.1,72.72,-0.62,298.5,0,1,1
261.56,35.2,68.76,-0.96,298.5,0,1,1
261.83,35.3,62.28,-1.23,298.5,0,1,1
262.11,35.3,48.24,-0.61,298.5,0,1,1
262.4,35.4,39.24,-0.74,298.5,0,1,1
262.68,35.5,31.68,-1.15,298.48,0,1,1
262.96,35.6,31.68,-1.24,298.44,0,1,1
263.25,35.6,34.2,-1.25,298.4,0,1,1
263.54,35.7,38.88,-1.04,298.4,0,1,1
263.83,35.8,42.48,-0.86,298.4,0,1,1
264.13,35.9,39.24,-0.71,298.4,0,1,1
264.42,36.1,24.48,-0.52,298.4,0,1,1
264.71,36.2,12.96,-0.64,298.4,0,1,1
265.01,36.5,-2.16,-0.43,298.4,0,1,1
265.31,36.8,-11.16,-1.25,298.4,0,1,1
265.61,37.1,-13.32,-1.22,298.42,0,1,1
265.91,37.4,-10.44,-1.45,298.46,0,1,1
266.21,37.7,-2.52,-1.04,298.5,0,1,1
266.51,37.9,3.24,-0.94,298.5,0,1,1
266.82,38.1,10.8,-1.14,298.5,0,1,1
267.12,38.3,12.96,-0.93,298.5,0,1,1
267.42,38.5,13.32,-0.87,298.5,0,1,1
267.73,38.6,11.88,-1.21,298.5,0,1,1
268.05,39,11.52,-0.89,298.5,0,1,1
268.36,39.3,12.6,-0.86,298.5,0,1,1
268.68,39.6,15.84,-0.81,298.48,0,1,1
269,39.9,18.72,-0.84,298.44,0,1,1
269.32,40.2,20.88,-0.47,298.4,0,1,1
269.65,40.3,20.16,-0.26,298.4,0,1,1
269.98,40.5,18,-0.46,298.4,0,1,1
270.31,40.6,16.56,-0.42,298.4,0,1,1
270.64,40.8,14.76,-0.48,298.4,0,1,1
270.97,40.9,16.2,-0.53,298.4,0,1,1
271.31,41.2,17.64,-0.55,298.4,0,1,1
271.66,41.4,19.08,-0.4,298.4,0,1,1
272,41.7,18.72,-0.42,298.4,0,1,1
272.34,41.9,16.56,-0.44,298.4,0,1,1
272.69,42.2,14.04,-0.38,298.4,0,1,1
273.05,42.4,12.6,-0.39,298.4,0,1,1
273.41,42.6,14.76,-0.57,298.4,0,1,1
273.77,42.8,16.56,-0.55,298.4,0,1,1
274.13,43,18,-0.27,298.4,0,1,1
274.49,43.2,16.56,-0.41,298.4,0,1,1
274.86,43.3,13.32,-0.54,298.4,0,1,1
275.23,43.4,10.44,-0.47,298.4,0,1,1
275.61,43.5,7.92,-0.33,298.4,0,1,1
275.98,43.6,6.84,-0.54,298.4,0,1,1
276.35,43.7,7.56,-0.53,298.4,0,1,1
276.73,43.9,8.64,-0.42,298.4,0,1,1
277.12,44.2,10.44,-0.55,298.4,0,1,1
277.5,44.4,11.16,-0.56,298.38,0,1,1
277.88,44.6,11.52,-0.36,298.34,0,1,1
278.27,44.8,9.36,-0.02,298.3,0,1,1
278.66,45.2,8.28,-0.2,298.3,0,1,1
279.06,45.5,6.84,-0.34,298.3,0,1,1
279.45,45.8,8.28,0.07,298.3,0,1,1
279.84,46.1,7.92,-0.08,298.3,0,1,1
280.24,46.4,4.32,-0.25,298.3,0,1,1
280.64,46.2,2.16,0.24,298.3,0,1,1
281.05,46,-1.8,0.43,298.3,0,1,1
281.45,45.8,-8.28,0.37,298.3,0,1,1
281.86,45.6,-12.24,0.77,298.3,0,1,1
282.26,45.4,-19.8,0.59,298.3,0,1,1
282.68,45,-23.04,0.72,298.3,0,1,1
283.09,44.7,-26.64,0.39,298.3,0,1,1
283.51,44.4,-29.16,0.27,298.28,0,1,1
283.92,44.1,-29.52,0.9,298.24,0,1,1
284.34,43.8,-29.88,0.41,298.2,0,1,1
284.76,43.6,-28.44,0.66,298.2,0,1,1
285.18,43.4,-29.16,0.98,298.2,0,1,1
285.6,43.2,-32.4,0.82,298.2,0,1,1
286.03,43,-34.2,0.83,298.2,0,1,1
286.45,42.9,-34.56,0.63,298.2,0,1,1
286.87,42.7,-32.4,1.17,298.2,0,1,1
287.3,42.5,-26.64,0.91,298.2,0,1,1
287.72,42.3,-23.4,0.9,298.18,0,1,1
288.15,42.1,-21.96,1.01,298.14,0,1,1
288.57,41.9,-23.04,1.33,298.1,0,1,1
288.98,41.6,-25.2,1.06,298.1,0,1,1
289.4,41.4,-24.84,0.78,298.1,0,1,1
289.81,41.1,-23.04,1.38,298.08,0,1,1
290.23,40.9,-23.4,0.96,298.04,0,1,1
290.64,40.6,-22.68,0.93,298,0,1,1
291.04,40.6,-23.76,1,298,0,1,1
291.44,40.5,-27.36,1.54,298,0,1,1
291.84,40.4,-31.32,1.15,297.98,0,1,1
292.24,40.3,-32.04,1.09,297.94,0,1,1
292.64,40.2,-33.84,1.37,297.9,0,1,1
293.03,40.3,-33.84,1.4,297.9,0,1,1
293.41,40.4,-37.8,1.6,297.9,0,1,1
293.8,40.5,-41.04,0.9,297.88,0,1,1
294.18,40.6,-43.2,1.28,297.84,0,1,1
294.56,40.6,-43.92,1.02,297.8,0,1,1
294.93,40.5,-46.8,1.35,297.8,0,1,1
295.3,40.3,-44.64,1.01,297.8,0,1,1
295.66,40.1,-42.48,1.46,297.8,0,1,1
296.03,40,-46.8,1.69,297.8,0,1,1
296.4,39.8,-42.48,1.43,297.8,0,1,1
296.75,39.9,-42.84,1.37,297.8,0,1,1
297.1,40,-42.48,1.27,297.8,0,1,1
297.45,40.1,-43.92,1.49,297.84,0,1,1
297.8,40.2,-46.44,1.64,297.92,0,1,1
298.15,40.3,-46.08,1.23,298,0,1,1
298.49,40.4,-43.56,1.35,298,0,1,1
298.83,40.4,-41.76,1.11,298,0,1,1
299.17,40.5,-41.4,1.35,297.98,0,1,1
299.51,40.5,-39.96,1.18,297.94,0,1,1
299.85,40.6,-39.6,1.38,297.9,0,1,1
300.19,40.7,-41.04,1.07,297.9,0,1,1
300.53,40.8,-40.68,1.47,297.9,0,1,1
300.87,40.9,-37.8,1.52,297.9,0,1,1
301.21,40.9,-35.64,1.32,297.9,0,1,1
301.55,41,-32.4,1.48,297.9,0,1,1
301.89,41.1,-31.32,1.31,297.9,0,1,1
302.23,41.1,-28.8,1.38,297.9,0,1,1
302.57,41.2,-28.44,1.23,297.88,0,1,1
302.91,41.2,-27,1.22,297.84,0,1,1
303.25,41.3,-27,1.37,297.8,0,1,1
303.59,41.4,-24.48,1.04,297.8,0,1,1
303.94,41.6,-22.68,1.06,297.8,0,1,1
304.28,41.7,-19.44,0.81,297.8,0,1,1
304.62,41.9,-15.48,0.83,297.8,0,1,1
304.97,42,-10.8,0.31,297.8,0,1,1
305.32,42.1,-5.76,0.61,297.8,0,1,1
305.66,42.3,-2.16,0.63,297.8,0,1,1
306.01,42.4,0,0.36,297.82,0,1,1
306.36,42.6,1.8,0.18,297.86,0,1,1
306.7,42.7,4.68,0.07,297.9,0,1,1
307.06,42.9,4.68,-0.41,297.9,0,1,1
307.42,43,9.36,-0.72,297.9,0,1,1
307.78,43.1,13.32,-0.55,297.9,0,1,1
308.13,43.3,16.56,-0.33,297.9,0,1,1
308.49,43.4,18.72,-0.69,297.9,0,1,1
308.86,43.8,18.36,-0.54,297.9,0,1,1
309.23,44.2,18,-0.25,297.9,0,1,1
309.6,44.5,19.08,-0.64,297.9,0,1,1
309.98,44.9,20.52,-1.01,297.9,0,1,1
310.35,45.3,26.28,-0.75,297.9,0,1,1
310.73,45.1,27.36,-0.96,297.9,0,1,1
311.11,44.9,28.8,-1.07,297.9,0,1,1
311.48,44.7,27.72,-0.75,297.92,0,1,1
311.86,44.5,26.28,-0.97,297.96,0,1,1
312.24,44.3,27.72,-1.6,298,0,1,1
312.63,44.3,33.84,-1.3,298,0,1,1
313.01,44.2,40.68,-1.25,298,0,1,1
313.4,44.2,49.68,-1.02,298,0,1,1
313.79,44.1,53.64,-0.88,298,0,1,1
314.17,44.1,54.36,-1.46,298,0,1,1
314.56,43.8,50.04,-1.01,298,0,1,1
314.95,43.4,39.6,-0.96,298,0,1,1
315.34,43.1,34.92,-1.85,297.98,0,1,1
315.73,42.7,28.8,-1.59,297.94,0,1,1
316.12,42.4,25.92,-1.14,297.9,0,1,1
316.51,42.3,26.64,-1.04,297.9,0,1,1
316.9,42.1,29.52,-1.29,297.9,0,1,1
317.29,42,31.32,-1.04,297.88,0,1,1
317.68,41.9,29.88,-1.27,297.84,0,1,1
318.07,41.7,27.72,-1.36,297.8,0,1,1
318.46,41.7,26.28,-1.25,297.8,0,1,1
318.85,41.7,24.48,-1.18,297.8,0,1,1
319.24,41.7,26.64,-1.39,297.78,0,1,1
319.62,41.6,31.32,-1.54,297.74,0,1,1
320.01,41.6,32.76,-1.29,297.7,0,1,1
320.39,41.5,30.6,-1.16,297.7,0,1,1
320.77,41.5,29.52,-1.2,297.7,0,1,1
321.15,41.4,29.52,-1.01,297.7,0,1,1
321.53,41.4,31.68,-1.34,297.7,0,1,1
321.91,41.3,38.52,-1.44,297.7,0,1,1
322.29,41.3,42.12,-1.29,297.7,0,1,1
322.67,41.3,45,-1.17,297.7,0,1,1
323.04,41.3,44.28,-1.31,297.72,0,1,1
323.42,41.3,41.76,-1.52,297.76,0,1,1
323.8,41.3,37.8,-1.02,297.8,0,1,1
324.17,41.3,35.64,-0.75,297.8,0,1,1
324.54,41.4,37.08,-1.3,297.8,0,1,1
324.91,41.5,39.24,-1.35,297.82,0,1,1
325.28,41.5,43.2,-1.05,297.86,0,1,1
325.66,41.6,43.92,-1.11,297.9,0,1,1
326.02,41.5,42.12,-1.4,297.9,0,1,1
326.39,41.4,38.52,-1.32,297.9,0,1,1
326.75,41.3,33.12,-1.14,297.9,0,1,1
327.12,41.2,31.32,-1.22,297.9,0,1,1
327.48,41.2,31.68,-1.2,297.9,0,1,1
327.85,41.2,32.04,-1.29,297.9,0,1,1
328.21,41.3,35.64,-1.04,297.9,0,1,1
328.57,41.3,37.08,-1.55,297.9,0,1,1
328.94,41.4,38.16,-1.41,297.9,0,1,1
329.3,41.5,35.28,-1.18,297.9,0,1,1
329.66,41.6,30.6,-0.72,297.9,0,1,1
330.02,41.7,24.84,-0.98,297.9,0,1,1
330.38,41.9,21.96,-1.16,297.9,0,1,1
330.75,42,18.36,-0.91,297.9,0,1,1
331.11,42.2,18,-1.03,297.9,0,1,1
331.47,42.7,20.52,-1.11,297.9,0,1,1
331.83,43.3,23.04,-0.94,297.9,0,1,1
332.2,43.9,23.76,-0.46,297.9,0,1,1
332.56,44.4,21.24,-0.45,297.9,0,1,1
332.92,45,12.96,-0.5,297.9,0,1,1
333.29,44.8,4.32,-0.14,297.9,0,1,1
333.66,44.5,-7.56,0,297.9,0,1,1
334.03,44.3,-12.6,-0.12,297.88,0,1,1
334.4,44,-16.56,0.09,297.84,0,1,1
334.77,43.8,-16.92,-0.15,297.8,0,1,1
335.15,43.6,-17.64,-0.01,297.8,0,1,1
335.53,43.5,-19.08,0.68,297.8,0,1,1
335.91,43.3,-19.8,0.59,297.8,0,1,1
336.29,43.1,-18,0.3,297.8,0,1,1
336.67,43,-18.36,0.54,297.8,0,1,1
337.06,42.9,-19.8,1.38,297.8,0,1,1
337.45,42.9,-25.56,0.67,297.8,0,1,1
337.83,42.9,-29.16,0.84,297.8,0,1,1
338.22,42.8,-39.24,1.45,297.8,0,1,1
338.61,42.8,-50.4,1.02,297.8,0,1,1
339,42.2,-53.28,0.83,297.8,0,1,1
339.39,41.6,-43.2,0.86,297.8,0,1,1
339.78,41.1,-28.44,0.77,297.78,0,1,1
340.17,40.5,-13.32,0.5,297.74,0,1,1
340.56,39.9,-12.24,1.17,297.7,0,1,1
340.95,39.8,-24.12,1.01,297.7,0,1,1
341.33,39.7,-30.6,1,297.7,0,1,1
341.72,39.7,-38.16,1.58,297.7,0,1,1
342.11,39.6,-40.68,1.46,297.7,0,1,1
342.5,39.5,-34.56,0.94,297.7,0,1,1
342.88,39.4,-29.88,1.11,297.7,0,1,1
343.26,39.3,-28.8,1.19,297.7,0,1,1
343.64,39.2,-34.56,1.35,297.7,0,1,1
344.02,39.2,-40.68,1.49,297.7,0,1,1
344.4,39.1,-48.96,0.96,297.7,0,1,1
344.77,38.8,-52.56,1.44,297.7,0,1,1
345.14,38.6,-53.28,1.68,297.7,0,1,1
345.51,38.4,-48.96,0.98,297.68,0,1,1
345.88,38.2,-45,1.03,297.64,0,1,1
346.25,38,-40.68,1.13,297.6,0,1,1
346.6,37.7,-41.4,1.61,297.6,0,1,1
346.96,37.5,-46.8,1.59,297.6,0,1,1
347.31,37.2,-49.68,1.99,297.6,0,1,1
347.67,37,-53.64,1.63,297.6,0,1,1
348.02,36.7,-54,1.88,297.6,0,1,1
348.38,36.7,-51.48,1.2,297.6,0,1,1
348.73,36.8,-48.24,1.23,297.6,0,1,1
349.08,36.8,-45.72,1.53,297.62,0,1,1
349.43,36.8,-45.72,1.5,297.66,0,1,1
349.79,36.8,-46.44,1.37,297.7,0,1,1
350.09,36.9,-46.8,1.45,297.7,0,1,1
350.4,37,-47.88,1.43,297.7,0,1,1
350.71,37.1,-46.8,1.65,297.74,0,1,1
351.02,37.1,-44.64,1.27,297.82,0,1,1
351.32,37.2,-43.2,1.39,297.9,0,1,1
351.62,37.3,-44.28,1.57,297.9,0,1,1
351.91,37.3,-45,1.37,297.9,0,1,1
352.21,37.4,-45,1.35,297.94,0,1,1
352.5,37.4,-45,1.47,298.02,0,1,1
352.8,37.5,-43.2,1.49,298.1,0,1,1
353.09,37.5,-43.92,1.29,298.1,0,1,1
353.37,37.6,-43.56,1.15,298.1,0,1,1
353.66,37.6,-43.92,1.11,298.1,0,1,1
353.95,37.7,-42.12,1.33,298.1,0,1,1
354.23,37.7,-38.88,1.19,298.1,0,1,1
354.54,37.9,-31.68,0.97,298.1,0,1,1
354.84,38.1,-23.04,1.21,298.1,0,1,1
355.15,38.3,-17.28,1.03,298.08,0,1,1
355.45,38.5,-11.52,1.1,298.04,0,1,1
355.75,38.7,-11.52,0.9,298,0,1,1
356.07,38.9,-12.96,0.56,298,0,1,1
356.39,39,-9.72,0.47,298,0,1,1
356.7,39.1,-3.6,0.27,298,0,1,1
357.02,39.2,9.36,0.15,298,0,1,1
357.34,39.3,15.12,-0.22,298,0,1,1
357.67,39.6,18.36,-0.19,298,0,1,1
358,39.9,18,-0.33,298,0,1,1
358.32,40.2,15.84,-0.1,298,0,1,1
358.65,40.5,15.48,-0.07,298,0,1,1
358.98,40.7,16.92,0.23,298,0,1,1
359.32,41.1,15.84,-0.32,298,0,1,1
359.66,41.4,14.4,-0.53,298,0,1,1
360,41.7,10.8,-0.4,297.98,0,1,1
360.34,42,8.64,-0.62,297.94,0,1,1
360.67,42.3,9.72,-0.63,297.9,0,1,1
361.03,42,14.04,-0.47,297.9,0,1,1
361.38,41.6,17.64,-0.41,297.9,0,1,1
361.73,41.3,21.6,-0.45,297.9,0,1,1
362.08,40.9,23.4,-0.77,297.9,0,1,1
362.43,40.6,22.32,-0.38,297.9,0,1,1
362.79,40.3,19.44,-0.24,297.9,0,1,1
363.16,40,14.4,-0.48,297.9,0,1,1
363.52,39.7,13.68,-0.45,297.88,0,1,1
363.88,39.4,13.68,-0.59,297.84,0,1,1
364.25,39.2,14.04,-0.68,297.8,0,1,1
364.62,38.6,18.72,-0.54,297.8,0,1,1
364.99,38.1,22.68,-0.53,297.8,0,1,1
365.36,37.6,25.92,-0.3,297.8,0,1,1
365.73,37,26.28,-0.32,297.8,0,1,1
366.1,36.5,25.2,-0.65,297.8,0,1,1
366.48,36.4,21.6,-0.13,297.8,0,1,1
366.85,36.2,16.92,-0.22,297.8,0,1,1
367.23,36.1,19.44,-0.55,297.8,0,1,1
367.6,35.9,25.56,-0.86,297.8,0,1,1
367.98,35.8,29.16,-1,297.8,0,1,1
368.35,35.4,34.2,-0.45,297.8,0,1,1
368.72,35,32.4,-1.39,297.8,0,1,1
369.08,34.7,27.72,-0.88,297.8,0,1,1
369.45,34.3,24.12,-1.05,297.8,0,1,1
369.82,33.9,21.6,-1.01,297.8,0,1,1
370.18,34.1,24.84,-1.54,297.8,0,1,1
370.54,34.2,36,-1.28,297.8,0,1,1
370.89,34.3,42.12,-0.86,297.8,0,1,1
371.25,34.4,47.16,-1.11,297.8,0,1,1
371.61,34.6,48.24,-1.17,297.8,0,1,1
371.95,34.4,42.84,-1.21,297.8,0,1,1
372.29,34.3,36,-0.63,297.8,0,1,1
372.63,34.2,31.32,-1.2,297.8,0,1,1
372.98,34.1,32.4,-1.26,297.8,0,1,1
373.32,34,38.88,-1.82,297.8,0,1,1
373.64,33.8,43.56,-1.42,297.8,0,1,1
373.95,33.7,51.12,-1.16,297.8,0,1,1
374.27,33.6,53.64,-1.69,297.8,0,1,1
374.59,33.5,50.04,-1.13,297.8,0,1,1
374.91,33.3,45.36,-1.04,297.8,0,1,1
375.21,33.3,41.76,-1.62,297.8,0,1,1
375.51,33.3,41.4,-1.23,297.8,0,1,1
375.81,33.3,44.28,-1.34,297.8,0,1,1
376.11,33.3,47.88,-1.62,297.8,0,1,1
376.41,33.3,55.44,-1.6,297.8,0,1,1
376.7,33,58.68,-1.62,297.8,0,1,1
376.99,32.7,60.48,-1.2,297.8,0,1,1
377.28,32.4,58.32,-1.03,297.8,0,1,1
377.57,32.1,49.32,-1.28,297.8,0,1,1
377.86,31.8,42.84,-1.3,297.8,0,1,1
378.15,31.8,35.28,-1.07,297.8,0,1,1
378.43,31.8,33.84,-1.24,297.8,0,1,1
378.72,31.8,37.08,-1.13,297.8,0,1,1
379.01,31.8,42.48,-1.51,297.8,0,1,1
379.29,31.8,51.48,-1.47,297.8,0,1,1
379.57,31.6,56.16,-1.29,297.8,0,1,1
379.85,31.4,56.88,-1.46,297.8,0,1,1
380.13,31.3,52.56,-1.57,297.8,0,1,1
380.41,31.1,45.72,-1.43,297.8,0,1,1
380.69,30.9,44.28,-1.71,297.8,0,1,1
380.97,30.9,47.88,-1.5,297.8,0,1,1
381.25,31,51.12,-1.34,297.8,0,1,1
381.53,31,55.44,-1.66,297.8,0,1,1
381.8,31,59.76,-1.84,297.8,0,1,1
382.08,31.1,64.44,-1.37,297.8,0,1,1
382.36,30.8,65.52,-1.58,297.8,0,1,1
382.64,30.6,63.36,-1.28,297.8,0,1,1
382.92,30.4,61.56,-1.33,297.8,0,1,1
383.2,30.1,60.84,-1.25,297.8,0,1,1
383.48,29.9,60.12,-1.57,297.8,0,1,1
383.75,30.1,60.12,-1.72,297.8,0,1,1
384.03,30.4,61.56,-1.4,297.8,0,1,1
384.3,30.6,66.24,-1.89,297.78,0,1,1
384.57,30.8,69.84,-1.91,297.74,0,1,1
384.85,31.1,71.28,-1.38,297.7,0,1,1
385.12,30.8,69.84,-1.44,297.7,0,1,1
385.39,30.6,64.8,-0.73,297.7,0,1,1
385.66,30.4,59.4,-1.04,297.7,0,1,1
385.94,30.2,50.76,-0.76,297.7,0,1,1
386.21,29.9,44.28,-1.05,297.7,0,1,1
386.48,29.9,34.2,-0.81,297.7,0,1,1
386.75,29.9,29.16,-0.58,297.7,0,1,1
387.03,29.9,21.96,-0.94,297.72,0,1,1
387.3,29.9,16.56,-0.31,297.76,0,1,1
387.57,29.9,10.08,-0.55,297.8,0,1,1
387.84,30.3,3.6,-0.31,297.8,0,1,1
388.11,30.7,-9.72,-0.14,297.8,0,1,1
388.38,31.2,-19.8,0.53,297.8,0,1,1
388.66,31.6,-28.44,0.71,297.8,0,1,1
388.93,32,-32.76,0.43,297.8,0,1,1
389.2,32,-35.28,1.1,297.8,0,1,1
389.48,31.9,-41.04,0.67,297.8,0,1,1
389.76,31.9,-44.64,1.1,297.78,0,1,1
390.03,31.8,-48.6,1.2,297.74,0,1,1
390.31,31.8,-51.12,1.3,297.7,0,1,1
390.6,31.8,-51.84,1.18,297.7,0,1,1
390.88,31.8,-55.08,1.52,297.7,0,1,1
391.17,31.9,-58.68,1.65,297.7,0,1,1
391.45,31.9,-61.92,1.31,297.7,0,1,1
391.74,31.9,-65.52,1.23,297.7,0,1,1
392.03,31.8,-66.96,1.19,297.7,0,1,1
392.31,31.6,-68.4,1.27,297.7,0,1,1
392.6,31.4,-67.68,1.86,297.7,0,1,1
392.89,31.2,-62.64,1.46,297.7,0,1,1
393.18,31,-61.56,1.32,297.7,0,1,1
393.47,30.9,-62.64,1.32,297.7,0,1,1
393.76,30.7,-66.6,1.29,297.7,0,1,1
394.05,30.6,-68.76,1.78,297.7,0,1,1
394.33,30.5,-69.12,1.5,297.7,0,1,1
394.62,30.3,-65.88,1.53,297.7,0,1,1
394.91,30.4,-63,0.99,297.7,0,1,1
395.19,30.4,-59.4,1.28,297.7,0,1,1
395.48,30.5,-56.88,1.35,297.72,0,1,1
395.76,30.5,-56.88,0.98,297.76,0,1,1
396.05,30.6,-56.16,1.51,297.8,0,1,1
396.32,30.6,-54.36,1.62,297.8,0,1,1
396.59,30.7,-52.2,1.23,297.8,0,1,1
396.87,30.7,-49.32,1.24,297.8,0,1,1
397.14,30.7,-47.52,1.36,297.8,0,1,1
397.42,30.7,-47.52,1.59,297.8,0,1,1
397.68,30.8,-47.88,0.94,297.8,0,1,1
397.95,30.9,-49.68,1.39,297.8,0,1,1
398.22,31,-48.6,1.03,297.8,0,1,1
398.49,31,-48.96,1.59,297.8,0,1,1
398.76,31.1,-48.6,1.5,297.8,0,1,1
399.01,31,-47.16,1.09,297.8,0,1,1
399.27,31,-44.64,0.96,297.8,0,1,1
399.53,31,-41.04,1.05,297.8,0,1,1
399.79,30.9,-33.48,0.98,297.8,0,1,1
400.05,30.9,-17.64,0.86,297.8,0,1,1
400.3,31,-8.64,0.32,297.8,0,1,1
400.55,31.2,-3.24,0.39,297.8,0,1,1
400.81,31.4,1.44,1.02,297.8,0,1,1
401.06,31.6,2.88,1.04,297.8,0,1,1
401.32,31.7,1.44,0.6,297.8,0,1,1
401.58,31.9,0,0.98,297.8,0,1,1
401.84,32.1,-7.56,0.82,297.8,0,1,1
402.11,32.2,-12.6,0.79,297.82,0,1,1
402.37,32.4,-20.16,1.03,297.86,0,1,1
402.63,32.5,-23.76,0.77,297.9,0,1,1
402.9,32.7,-27.72,1.08,297.9,0,1,1
403.17,32.9,-30.24,0.78,297.9,0,1,1
403.44,33.2,-33.12,0.69,297.88,0,1,1
403.71,33.4,-35.64,0.79,297.84,0,1,1
403.98,33.6,-38.16,1.22,297.8,0,1,1
404.26,33.7,-38.52,0.92,297.8,0,1,1
404.54,33.8,-37.8,1.24,297.8,0,1,1
404.82,34,-36.72,1.25,297.8,0,1,1
405.1,34.1,-36.36,1.17,297.8,0,1,1
405.38,34.2,-37.44,1.25,297.8,0,1,1
405.67,34.3,-38.16,1.08,297.8,0,1,1
405.96,34.4,-39.24,1.32,297.8,0,1,1
406.25,34.5,-42.84,1.48,297.8,0,1,1
406.54,34.6,-44.64,1.38,297.8,0,1,1
406.83,34.7,-45.72,1.1,297.8,0,1,1
407.12,35,-44.64,1.18,297.8,0,1,1
407.42,35.3,-45.36,1.18,297.8,0,1,1
407.71,35.6,-45.36,1.16,297.8,0,1,1
408.01,35.8,-46.44,1.31,297.8,0,1,1
408.3,36.1,-48.24,1.34,297.8,0,1,1
408.6,36.3,-50.76,1.03,297.8,0,1,1
408.91,36.5,-52.56,0.98,297.8,0,1,1
409.21,36.8,-52.2,1.22,297.78,0,1,1
409.51,37,-50.4,0.84,297.74,0,1,1
409.81,37.2,-46.8,1.1,297.7,0,1,1
410.12,37.1,-41.04,0.51,297.7,0,1,1
410.43,37.1,-30.6,0.76,297.7,0,1,1
410.74,37.1,-25.92,0.31,297.7,0,1,1
411.05,37,-18.72,0.66,297.7,0,1,1
411.36,37,-14.4,0.76,297.7,0,1,1
411.68,37.3,-11.16,0.94,297.7,0,1,1
411.99,37.6,-8.28,0.68,297.7,0,1,1
412.31,38,-3.6,0.67,297.7,0,1,1
412.62,38.3,1.44,0.4,297.7,0,1,1
412.93,38.6,3.6,0.33,297.7,0,1,1
413.26,38.9,5.04,0.81,297.7,0,1,1
413.59,39.1,6.48,0.52,297.7,0,1,1
413.91,39.4,5.4,0.4,297.68,0,1,1
414.24,39.7,2.88,0.45,297.64,0,1,1
414.57,39.9,0,0.58,297.6,0,1,1
414.91,40.1,-2.16,-0.19,297.6,0,1,1
415.25,40.3,-3.24,-0.56,297.6,0,1,1
415.6,40.5,-1.44,-0.44,297.62,0,1,1
415.94,40.7,1.44,-0.33,297.66,0,1,1
416.28,40.8,7.2,-0.7,297.7,0,1,1
416.63,41.2,11.16,-0.43,297.7,0,1,1
416.99,41.5,16.92,-0.09,297.7,0,1,1
417.34,41.8,18.36,-0.68,297.7,0,1,1
417.7,42.2,22.32,-0.79,297.7,0,1,1
418.05,42.5,24.48,-0.84,297.7,0,1,1
418.42,42.6,28.8,-0.65,297.7,0,1,1
418.78,42.7,30.6,-1.09,297.7,0,1,1
419.15,42.9,31.32,-0.92,297.7,0,1,1
419.51,43,30.24,-0.63,297.7,0,1,1
419.88,43.1,27.36,-0.92,297.7,0,1,1
420.25,43.6,25.92,-1.06,297.7,0,1,1
420.63,44,22.68,-0.71,297.7,0,1,1
421.01,44.4,19.44,-0.27,297.7,0,1,1
421.38,44.8,13.32,-0.75,297.7,0,1,1
421.76,45.2,7.92,-0.67,297.7,0,1,1
422.15,45.1,3.96,-0.01,297.7,0,1,1
422.53,45,1.44,-0.61,297.7,0,1,1
422.92,44.9,2.52,-0.56,297.7,0,1,1
423.3,44.8,6.48,-0.26,297.7,0,1,1
423.69,44.7,9,-0.11,297.7,0,1,1
424.08,44.6,7.56,-0.12,297.7,0,1,1
424.47,44.4,6.84,-0.24,297.7,0,1,1
424.86,44.2,2.16,-0.1,297.7,0,1,1
425.25,44,1.8,-0.38,297.7,0,1,1
425.65,43.8,3.24,-0.47,297.7,0,1,1
426.05,44,6.12,-0.4,297.7,0,1,1
426.45,44.3,9,-0.68,297.7,0,1,1
426.85,44.5,12.96,-0.49,297.7,0,1,1
427.25,44.7,16.2,-0.42,297.7,0,1,1
427.65,45,18,-0.44,297.7,0,1,1
428.05,44.6,18.72,-0.24,297.7,0,1,1
428.45,44.3,17.64,-0.41,297.7,0,1,1
428.85,44,16.56,-0.66,297.7,0,1,1
429.26,43.7,16.56,-0.75,297.7,0,1,1
429.66,43.4,18,-0.86,297.7,0,1,1
430.06,42.9,19.08,-0.54,297.7,0,1,1
430.47,42.4,23.04,-0.68,297.7,0,1,1
430.87,42,25.2,-0.74,297.7,0,1,1
431.27,41.5,23.76,-0.58,297.7,0,1,1
431.68,41,19.8,-0.38,297.7,0,1,1
432.08,40.7,15.84,-0.69,297.7,0,1,1
432.48,40.4,17.28,-0.7,297.7,0,1,1
432.89,40,19.44,-0.63,297.7,0,1,1
433.29,39.7,23.4,-0.61,297.7,0,1,1
433.69,39.4,24.84,-1,297.7,0,1,1
434.09,38.9,25.56,-0.96,297.7,0,1,1
434.49,38.5,23.4,-0.63,297.7,0,1,1
434.89,38.1,12.96,-0.45,297.72,0,1,1
435.29,37.6,7.92,-0.19,297.76,0,1,1
435.69,37.2,3.6,-0.32,297.8,0,1,1
436.08,37,4.32,-0.2,297.8,0,1,1
436.47,36.8,4.32,-0.14,297.8,0,1,1
436.86,36.6,0,-0.12,297.8,0,1,1
437.24,36.4,-6.48,-0.36,297.8,0,1,1
437.63,36.2,-9,-0.29,297.8,0,1,1
438.01,36.2,-9,-0.84,297.8,0,1,1
438.38,36.2,-2.88,-0.71,297.8,0,1,1
438.75,36.2,7.92,-0.74,297.8,0,1,1
439.13,36.2,15.48,-0.61,297.8,0,1,1
439.5,36.2,26.28,-0.99,297.8,0,1,1
439.86,36,33.12,-0.92,297.8,0,1,1
440.21,35.9,39.6,-0.82,297.8,0,1,1
440.57,35.8,42.84,-0.68,297.8,0,1,1
440.93,35.7,46.44,-0.79,297.8,0,1,1
441.28,35.5,49.68,-1.05,297.8,0,1,1
441.62,35.5,52.92,-1.33,297.8,0,1,1
441.96,35.5,54.72,-1.48,297.8,0,1,1
442.3,35.5,55.8,-1.56,297.8,0,1,1
442.64,35.5,55.44,-1.42,297.8,0,1,1
442.98,35.5,56.52,-1.36,297.8,0,1,1
443.31,35.5,56.52,-1.62,297.8,0,1,1
443.63,35.5,59.4,-1.59,297.8,0,1,1
443.96,35.5,58.68,-1.34,297.8,0,1,1
444.29,35.5,59.76,-2.01,297.8,0,1,1
444.62,35.5,61.56,-1.64,297.8,0,1,1
444.93,35.3,63,-1.28,297.8,0,1,1
445.25,35.1,61.92,-1.27,297.8,0,1,1
445.57,34.9,61.2,-1.46,297.8,0,1,1
445.89,34.7,59.4,-1.5,297.8,0,1,1
446.21,34.5,58.32,-1.54,297.8,0,1,1
446.52,34.4,55.8,-1.53,297.8,0,1,1
446.84,34.3,52.2,-1.38,297.8,0,1,1
447.15,34.2,50.4,-1.28,297.8,0,1,1
447.46,34.1,49.68,-1.05,297.8,0,1,1
447.77,34,48.96,-1.25,297.8,0,1,1
448.08,34.2,50.4,-1.17,297.8,0,1,1
448.38,34.4,50.4,-1.34,297.8,0,1,1
448.69,34.6,55.08,-1.99,297.8,0,1,1
448.99,34.8,58.68,-2.01,297.8,0,1,1
449.29,35,61.2,-1.52,297.8,0,1,1
449.6,34.4,60.48,-1.53,297.8,0,1,1
449.9,33.9,53.28,-1.18,297.8,0,1,1
450.2,33.3,46.8,-0.78,297.8,0,1,1
450.5,32.8,33.48,-0.81,297.8,0,1,1
450.8,32.3,27.36,-1.44,297.8,0,1,1
451.1,32.5,19.8,-1.37,297.8,0,1,1
451.39,32.7,18,-1.04,297.8,0,1,1
451.69,32.9,19.8,-1.36,297.8,0,1,1
451.98,33.1,21.24,-1.87,297.8,0,1,1
452.28,33.3,23.04,-1.08,297.8,0,1,1
452.57,33.4,23.4,-0.93,297.8,0,1,1
452.86,33.5,20.52,-1.57,297.8,0,1,1
453.15,33.5,19.08,-0.8,297.8,0,1,1
453.44,33.6,21.24,-0.9,297.8,0,1,1
453.73,33.6,24.84,-1.63,297.8,0,1,1
454.02,33.6,30.24,-1.1,297.8,0,1,1
454.31,33.6,37.8,-1.77,297.8,0,1,1
454.6,33.6,44.28,-1.27,297.8,0,1,1
454.89,33.6,51.48,-0.74,297.8,0,1,1
455.18,33.6,54.72,-1.27,297.8,0,1,1
455.47,33.7,54.36,-1.81,297.8,0,1,1
455.76,33.8,51.84,-1.25,297.8,0,1,1
456.05,33.9,49.68,-0.82,297.8,0,1,1
456.34,34,49.32,-1.36,297.8,0,1,1
456.63,34.1,51.84,-1.21,297.8,0,1,1
456.93,33.8,55.44,-1.95,297.8,0,1,1
457.22,33.5,61.56,-1.38,297.8,0,1,1
457.52,33.2,66.24,-1.53,297.82,0,1,1
457.81,32.9,67.32,-1.54,297.86,0,1,1
458.1,32.6,66.96,-1.67,297.9,0,1,1
458.4,32.5,64.8,-2.13,297.9,0,1,1
458.7,32.5,62.28,-1.29,297.9,0,1,1
459,32.4,58.32,-1.12,297.88,0,1,1
459.3,32.3,55.8,-1.21,297.84,0,1,1
459.6,32.3,56.88,-1.37,297.8,0,1,1
459.9,32,62.28,-1.77,297.8,0,1,1
460.2,31.8,70.2,-1.64,297.8,0,1,1
460.5,31.5,72.72,-0.98,297.82,0,1,1
460.8,31.3,70.92,-1.26,297.86,0,1,1
461.1,31,64.44,-1.73,297.9,0,1,1
461.4,31,63.72,-1.55,297.9,0,1,1
461.7,31,59.4,-1.44,297.9,0,1,1
462,31,54,-1.8,297.88,0,1,1
462.3,30.9,50.4,-1.84,297.84,0,1,1
462.6,30.9,53.28,-2.18,297.8,0,1,1
462.88,30.7,58.68,-1.46,297.8,0,1,1
463.17,30.5,68.76,-0.79,297.8,0,1,1
463.46,30.3,71.64,-0.05,297.8,0,1,1
463.75,30.1,68.04,-0.82,297.8,0,1,1
464.03,29.8,51.48,-1.58,297.8,0,1,1
464.32,29.7,38.52,-2.01,297.8,0,1,1
464.61,29.5,25.2,-1.63,297.8,0,1,1
464.89,29.3,22.68,-1.37,297.8,0,1,1
465.18,29.1,28.08,-1.35,297.8,0,1,1
465.47,29,30.96,-1.29,297.8,0,1,1
465.75,29.1,36,-1.33,297.8,0,1,1
466.03,29.3,47.16,-1.71,297.8,0,1,1
466.31,29.4,54,-1.59,297.78,0,1,1
466.59,29.6,55.8,-2.27,297.74,0,1,1
466.88,29.7,54.36,-1.51,297.7,0,1,1
467.15,29.7,48.96,-1.18,297.7,0,1,1
467.43,29.8,46.44,-1.17,297.7,0,1,1
467.7,29.8,45.36,-1.15,297.7,0,1,1
467.98,29.8,44.28,-1.19,297.7,0,1,1
468.26,29.8,44.28,-1.38,297.7,0,1,1
468.52,29.9,44.64,-1.14,297.7,0,1,1
468.79,30.1,44.64,-0.88,297.7,0,1,1
469.06,30.2,47.16,-1.52,297.7,0,1,1
469.33,30.3,52.56,-1.31,297.7,0,1,1
469.6,30.5,52.56,-1.04,297.7,0,1,1
469.87,30.6,51.48,-0.95,297.7,0,1,1
470.13,30.7,48.96,-1.04,297.7,0,1,1
470.4,30.8,47.16,-1.94,297.72,0,1,1
470.67,30.8,48.6,-1.55,297.76,0,1,1
470.94,30.9,47.16,-1,297.8,0,1,1
471.21,31,46.44,-0.56,297.8,0,1,1
471.47,31,45.36,-0.82,297.8,0,1,1
471.74,31,42.84,-0.98,297.78,0,1,1
472.01,31,42.12,-1.62,297.74,0,1,1
472.27,31.1,42.84,-2.04,297.7,0,1,1
472.54,31.1,41.04,-1.32,297.7,0,1,1
472.81,31.1,45.36,-1.1,297.7,0,1,1
473.08,31.1,46.8,-1.34,297.7,0,1,1
473.34,31.1,48.96,-1.81,297.7,0,1,1
473.61,31.1,47.52,-0.87,297.7,0,1,1
473.89,31.2,46.08,-1.19,297.7,0,1,1
474.16,31.3,39.96,-0.94,297.7,0,1,1
474.43,31.4,39.24,-1.02,297.7,0,1,1
474.71,31.5,41.04,-1.86,297.7,0,1,1
474.98,31.6,46.44,-1.62,297.7,0,1,1
475.26,31.7,56.52,-0.97,297.7,0,1,1
475.54,31.8,65.88,-1.37,297.7,0,1,1
475.82,31.9,68.4,-1.52,297.7,0,1,1
476.1,32,68.04,-1.8,297.7,0,1,1
476.39,32.1,64.8,-1.36,297.7,0,1,1
476.67,32,56.52,-0.96,297.7,0,1,1
476.96,31.9,53.64,-1.04,297.7,0,1,1
477.25,31.8,54.72,-1.48,297.62,0,1,1
477.53,31.7,59.76,-1.64,297.46,0,1,1
477.82,31.7,67.68,-1.54,297.3,0,1,1
478.11,31.7,72.36,-1.51,297.3,0,1,1
478.41,31.7,73.08,-1.8,297.3,0,1,1
478.7,31.8,72.36,-1.28,297.28,0,1,1
478.99,31.8,74.16,-1.26,297.24,0,1,1
479.28,31.8,74.88,-1.31,297.2,0,1,1
479.58,31.9,75.6,-1.03,297.2,0,1,1
479.87,32,73.44,-0.95,297.2,0,1,1
480.17,32,72,-0.76,297.18,0,1,1
480.46,32.1,70.92,-1.07,297.14,0,1,1
480.76,32.2,74.16,-1.27,297.1,0,1,1
481.06,32.2,78.84,-0.97,297.1,0,1,1
481.35,32.2,81,-0.42,297.1,0,1,1
481.65,32.2,75.24,-0.91,297.08,0,1,1
481.94,32.2,68.04,-0.97,297.04,0,1,1
482.24,32.3,59.04,-1.47,297,0,1,1
482.53,32.4,55.8,-1.17,297,0,1,1
482.83,32.4,56.16,-0.97,297,0,1,1
483.13,32.5,61.92,-1.13,296.98,0,1,1
483.42,32.6,70.92,-1.54,296.94,0,1,1
483.72,32.7,77.04,-1.53,296.9,0,1,1
484.01,32.7,74.16,-0.96,296.9,0,1,1
484.3,32.7,68.4,-0.39,296.9,0,1,1
484.6,32.7,54.36,-0.86,296.9,0,1,1
484.89,32.7,42.48,-1.11,296.9,0,1,1
485.19,32.7,34.92,-0.77,296.9,0,1,1
485.48,33,32.76,-0.71,296.9,0,1,1
485.77,33.3,38.88,-0.84,296.9,0,1,1
486.07,33.6,40.32,-1.13,296.9,0,1,1
486.36,33.9,41.4,-1.63,296.9,0,1,1
486.65,34.1,41.4,-1.4,296.9,0,1,1
486.95,33.8,34.2,-0.93,296.9,0,1,1
487.25,33.4,28.44,-0.78,296.9,0,1,1
487.54,33,19.08,-1.63,296.88,0,1,1
487.84,32.6,18,-1.56,296.84,0,1,1
488.14,32.2,15.48,-1.4,296.8,0,1,1
488.44,32.4,17.64,-1.1,296.8,0,1,1
488.74,32.6,24.48,-1.39,296.8,0,1,1
489.04,32.7,29.88,-1.78,296.82,0,1,1
489.34,32.9,37.44,-1.86,296.86,0,1,1
489.63,33.1,39.96,-0.92,296.9,0,1,1
489.94,32.9,38.16,-0.37,296.9,0,1,1
490.24,32.8,25.56,-0.12,296.9,0,1,1
490.54,32.6,14.4,-0.64,296.88,0,1,1
490.85,32.5,-0.72,-0.71,296.84,0,1,1
491.15,32.3,-3.24,-0.88,296.8,0,1,1
491.46,32.5,-4.32,-1.12,296.8,0,1,1
491.76,32.8,-2.88,-0.72,296.8,0,1,1
492.07,33,-3.6,-0.91,296.8,0,1,1
492.38,33.2,-4.32,-0.47,296.8,0,1,1
492.68,33.5,-13.32,-0.16,296.8,0,1,1
492.99,33.6,-22.32,-0.54,296.8,0,1,1
493.29,33.8,-35.28,-0.81,296.8,0,1,1
493.6,34,-40.32,-0.44,296.8,0,1,1
493.91,34.2,-41.04,-0.63,296.8,0,1,1
494.21,34.4,-30.96,-0.32,296.8,0,1,1
494.52,34.8,-21.24,-0.59,296.8,0,1,1
494.83,35.1,-9.72,-0.55,296.8,0,1,1
495.14,35.4,6.12,-0.63,296.8,0,1,1
495.45,35.7,21.24,-0.94,296.8,0,1,1
495.76,36.1,27.72,-0.94,296.8,0,1,1
496.07,36.3,33.84,-0.87,296.8,0,1,1
496.39,36.4,37.08,-0.98,296.8,0,1,1
496.71,36.6,38.52,-0.56,296.8,0,1,1
497.03,36.8,38.16,-0.99,296.8,0,1,1
497.35,37,35.28,-0.34,296.8,0,1,1
497.67,37.1,32.4,-0.52,296.8,0,1,1
498,37.2,30.24,-0.36,296.8,0,1,1
498.33,37.3,25.56,-0.68,296.78,0,1,1
498.65,37.5,21.24,-0.91,296.74,0,1,1
498.98,37.6,18,-0.54,296.7,0,1,1
499.31,37.7,12.96,-0.46,296.7,0,1,1
499.64,37.8,9.72,-0.6,296.7,0,1,1
499.96,37.9,7.56,-0.82,296.7,0,1,1
500.29,38,9,-0.53,296.7,0,1,1
500.62,38.1,9.36,-0.59,296.7,0,1,1
500.95,38.2,10.8,-0.31,296.7,0,1,1
501.29,38.2,9.72,-0.53,296.7,0,1,1
501.63,38.3,8.28,-0.47,296.7,0,1,1
501.96,38.4,4.68,-0.02,296.7,0,1,1
502.3,38.4,2.88,-0.2,296.7,0,1,1
502.64,38.7,1.08,0.19,296.7,0,1,1
502.98,39,0,0.06,296.7,0,1,1
503.32,39.2,-4.32,0.33,296.7,0,1,1
503.67,39.5,-7.2,0.42,296.7,0,1,1
504.01,39.8,-11.88,0.51,296.7,0,1,1
504.36,40.1,-14.04,0.68,296.7,0,1,1
504.7,40.4,-17.64,0.66,296.7,0,1,1
505.05,40.8,-20.52,0.77,296.7,0,1,1
505.4,41.1,-24.84,0.84,296.7,0,1,1
505.75,41.4,-27.72,0.43,296.7,0,1,1
506.1,41.2,-30.24,0.58,296.7,0,1,1
506.46,41.1,-32.04,1.3,296.7,0,1,1
506.81,40.9,-33.84,1.04,296.7,0,1,1
507.17,40.7,-36,0.69,296.7,0,1,1
507.52,40.6,-36,1.2,296.7,0,1,1
507.89,40.4,-37.8,0.82,296.7,0,1,1
508.25,40.1,-35.64,0.92,296.7,0,1,1
508.61,39.9,-33.48,0.9,296.7,0,1,1
508.98,39.7,-32.4,0.94,296.7,0,1,1
509.34,39.5,-32.76,0.76,296.7,0,1,1
509.71,39.2,-30.6,0.45,296.7,0,1,1
510.07,38.9,-28.44,1.05,296.7,0,1,1
510.44,38.6,-25.56,0.93,296.7,0,1,1
510.8,38.4,-20.52,0.64,296.7,0,1,1
511.17,38.1,-18,0.51,296.7,0,1,1
511.53,37.9,-18,1.08,296.7,0,1,1
511.9,37.8,-19.08,1.16,296.7,0,1,1
512.26,37.6,-21.24,0.89,296.72,0,1,1
512.62,37.5,-22.68,0.97,296.76,0,1,1
512.98,37.3,-25.56,1.41,296.8,0,1,1
513.34,37.4,-27,1.28,296.8,0,1,1
513.7,37.4,-30.6,0.98,296.8,0,1,1
514.06,37.5,-34.56,0.98,296.8,0,1,1
514.42,37.6,-40.32,1.42,296.8,0,1,1
514.77,37.6,-42.12,1.15,296.8,0,1,1
515.13,37.6,-43.2,1.09,296.8,0,1,1
515.48,37.7,-44.28,1.1,296.8,0,1,1
515.83,37.7,-46.44,1.56,296.8,0,1,1
516.18,37.7,-48.96,0.97,296.8,0,1,1
516.53,37.7,-48.96,1.12,296.8,0,1,1
516.87,37.6,-49.32,0.98,296.8,0,1,1
517.21,37.4,-48.96,1.29,296.8,0,1,1
517.55,37.3,-48.6,1.49,296.8,0,1,1
517.89,37.1,-46.8,1.33,296.8,0,1,1
518.23,37,-47.52,1.13,296.8,0,1,1
518.56,36.9,-46.8,1.34,296.8,0,1,1
518.89,36.8,-47.16,1.34,296.8,0,1,1
519.22,36.7,-43.56,1.58,296.8,0,1,1
519.55,36.6,-39.6,0.91,296.8,0,1,1
519.88,36.5,-36.72,0.65,296.8,0,1,1
520.2,36.4,-29.88,0.5,296.8,0,1,1
520.53,36.3,-20.52,0,296.8,0,1,1
520.85,36.2,-12.24,0.01,296.8,0,1,1
521.18,36.1,4.68,-0.12,296.8,0,1,1
521.5,36,14.76,-0.08,296.8,0,1,1
521.82,36.3,27.36,-0.31,296.8,0,1,1
522.14,36.6,33.12,-0.55,296.8,0,1,1
522.46,36.9,36.36,-0.11,296.8,0,1,1
522.78,37.1,36.72,-0.52,296.8,0,1,1
523.1,37.4,36.36,-0.55,296.8,0,1,1
523.42,37.6,36.36,-0.78,296.8,0,1,1
523.75,37.8,38.52,-1.24,296.8,0,1,1
524.07,37.9,42.12,-0.85,296.78,0,1,1
524.39,38.1,45.36,-1.17,296.74,0,1,1
524.71,38.3,50.04,-1.3,296.7,0,1,1
525.03,38.2,51.84,-1.43,296.7,0,1,1
525.36,38.2,52.2,-1.1,296.7,0,1,1
525.68,38.1,48.24,-1.59,296.7,0,1,1
526.01,38.1,47.88,-1.47,296.7,0,1,1
526.33,38,48.6,-1.18,296.7,0,1,1
526.67,37.9,49.32,-1.25,296.7,0,1,1
527,37.9,50.4,-1.41,296.7,0,1,1
527.33,37.8,50.4,-1.3,296.68,0,1,1
527.66,37.7,52.92,-0.74,296.64,0,1,1
527.99,37.7,54,-0.69,296.6,0,1,1
528.33,37.6,51.12,-0.82,296.6,0,1,1
528.66,37.6,45.36,-1.06,296.6,0,1,1
529,37.5,34.56,-1.29,296.6,0,1,1
529.33,37.5,29.52,-1.01,296.6,0,1,1
529.67,37.5,25.92,-1.02,296.6,0,1,1
530,37.7,25.56,-0.98,296.6,0,1,1
530.34,38,32.4,-0.88,296.6,0,1,1
530.68,38.3,38.16,-1.08,296.62,0,1,1
531.01,38.5,45,-1.42,296.66,0,1,1
531.35,38.8,46.08,-1.53,296.7,0,1,1
531.69,38.9,48.96,-1.34,296.7,0,1,1
532.02,38.9,46.8,-1.28,296.7,0,1,1
532.36,39,46.08,-1.09,296.7,0,1,1
532.69,39,44.28,-1.31,296.7,0,1,1
533.03,39.1,41.76,-1.27,296.7,0,1,1
533.36,39.3,41.04,-0.89,296.7,0,1,1
533.69,39.6,40.32,-0.6,296.7,0,1,1
534.01,39.9,38.16,-0.84,296.7,0,1,1
534.34,40.1,34.56,-0.85,296.7,0,1,1
534.67,40.4,30.96,-0.59,296.7,0,1,1
535,40.2,23.4,-0.53,296.7,0,1,1
535.33,40.1,14.76,-0.89,296.7,0,1,1
535.66,40,7.2,-0.88,296.7,0,1,1
536,39.9,3.24,-0.72,296.7,0,1,1
536.33,39.8,-3.6,-0.59,296.7,0,1,1
536.67,40.2,-5.4,-0.73,296.7,0,1,1
537,40.6,-7.92,-0.91,296.7,0,1,1
537.34,41,-10.44,-0.3,296.7,0,1,1
537.68,41.5,-15.12,0.1,296.7,0,1,1
538.02,41.9,-20.16,0.08,296.7,0,1,1
538.36,42.2,-24.48,0.39,296.7,0,1,1
538.71,42.5,-30.96,0.55,296.7,0,1,1
539.05,42.8,-33.48,0.2,296.7,0,1,1
539.4,43.1,-32.4,0.59,296.7,0,1,1
539.74,43.4,-30.24,0.59,296.7,0,1,1
540.1,43.4,-27.72,0.34,296.7,0,1,1
540.46,43.3,-20.88,-0.11,296.7,0,1,1
540.81,43.3,-12.6,0.25,296.7,0,1,1
541.17,43.2,-5.04,0.08,296.7,0,1,1
541.52,43.2,0.72,-0.27,296.7,0,1,1
541.88,43.3,6.48,0.1,296.7,0,1,1
542.24,43.5,8.28,0.09,296.7,0,1,1
542.6,43.6,9.72,0.11,296.72,0,1,1
542.96,43.8,8.64,0.19,296.76,0,1,1
543.32,43.9,5.4,0.01,296.8,0,1,1
543.69,44,1.8,0.6,296.8,0,1,1
544.05,44,-4.32,0.63,296.8,0,1,1
544.41,44.1,-10.8,0.58,296.8,0,1,1
544.77,44.2,-19.44,0.89,296.8,0,1,1
545.13,44.2,-24.84,1,296.8,0,1,1
545.5,44.1,-29.52,1.06,296.8,0,1,1
545.87,44,-34.2,0.48,296.8,0,1,1
546.24,43.9,-34.92,0.25,296.8,0,1,1
546.6,43.8,-38.88,1.24,296.8,0,1,1
546.97,43.7,-43.2,0.71,296.8,0,1,1
547.37,43.5,-42.48,0.73,296.8,0,1,1
547.76,43.3,-42.48,0.97,296.8,0,1,1
548.16,43.1,-41.4,1.52,296.8,0,1,1
548.55,42.9,-42.84,1.34,296.8,0,1,1
548.94,42.8,-43.2,1.33,296.8,0,1,1
549.33,42.7,-45,1.27,296.8,0,1,1
549.72,42.6,-44.64,1.18,296.8,0,1,1
550.1,42.5,-42.48,1.34,296.8,0,1,1
550.49,42.4,-40.32,1.67,296.8,0,1,1
550.87,42.3,-39.24,1.52,296.8,0,1,1
551.26,42.1,-39.24,1.04,296.8,0,1,1
551.65,41.8,-43.2,1.05,296.8,0,1,1
552.04,41.5,-45.36,0.83,296.8,0,1,1
552.43,41.3,-44.28,1.34,296.8,0,1,1
552.82,41,-43.92,1.13,296.8,0,1,1
553.22,41,-39.96,1.73,296.8,0,1,1
553.61,41,-38.16,1.37,296.8,0,1,1
554,41,-34.56,1.28,296.78,0,1,1
554.39,41,-33.48,1.48,296.74,0,1,1
554.79,41,-32.4,1.24,296.7,0,1,1
555.15,41,-29.88,1.02,296.7,0,1,1
555.51,41,-27.36,0.91,296.7,0,1,1
555.88,40.9,-25.92,1.39,296.68,0,1,1
556.24,40.9,-23.04,1.38,296.64,0,1,1
556.61,40.9,-23.04,1.57,296.6,0,1,1
556.97,40.9,-25.56,1.29,296.6,0,1,1
557.33,40.8,-26.64,1.42,296.6,0,1,1
557.7,40.8,-29.52,1.41,296.58,0,1,1
558.06,40.8,-30.24,1,296.54,0,1,1
558.42,40.8,-30.96,1.14,296.5,0,1,1
558.78,41,-29.52,1.1,296.5,0,1,1
559.14,41.2,-26.28,1.11,296.5,0,1,1
559.5,41.4,-26.28,1.08,296.48,0,1,1
559.86,41.6,-26.28,1.03,296.44,0,1,1
560.21,41.8,-28.8,1.15,296.4,0,1,1
560.57,41.8,-34.92,1.07,296.4,0,1,1
560.93,41.8,-37.08,1.03,296.4,0,1,1
561.29,41.8,-36,0.54,296.38,0,1,1
561.65,41.8,-29.88,0.59,296.34,0,1,1
562,41.8,-21.96,0.99,296.3,0,1,1
562.36,42.1,-14.76,0.76,296.3,0,1,1
562.72,42.4,-5.4,0.3,296.3,0,1,1
563.08,42.7,-2.16,0.56,296.28,0,1,1
563.43,43,0,0.34,296.24,0,1,1
563.79,43.3,0,0.3,296.2,0,1,1
564.14,43.3,0,-0.09,296.2,0,1,1
564.49,43.3,5.76,0.09,296.2,0,1,1
564.84,43.3,10.08,-0.66,296.2,0,1,1
565.19,43.3,17.28,-0.93,296.2,0,1,1
565.55,43.3,19.08,0.05,296.2,0,1,1
565.9,43.2,21.6,-0.51,296.2,0,1,1
566.25,43.2,24.84,-0.83,296.2,0,1,1
566.61,43.1,29.16,-0.71,296.2,0,1,1
566.96,43,30.6,-0.43,296.2,0,1,1
567.32,43,31.32,-0.95,296.2,0,1,1
567.67,42.9,31.32,-1.25,296.2,0,1,1
568.03,42.8,27,-0.73,296.2,0,1,1
568.38,42.7,26.28,-0.79,296.2,0,1,1
568.74,42.6,28.08,-1.45,296.2,0,1,1
569.09,42.5,33.12,-1.5,296.2,0,1,1
569.47,42.4,36.72,-0.77,296.2,0,1,1
569.85,42.2,37.8,-1.1,296.2,0,1,1
570.23,42,39.6,-1.5,296.2,0,1,1
570.61,41.8,38.16,-0.96,296.2,0,1,1
570.99,41.6,31.32,-0.83,296.2,0,1,1
571.37,41.5,27.72,-1.23,296.2,0,1,1
571.75,41.3,28.08,-1.24,296.2,0,1,1
572.14,41.2,28.8,-0.64,296.2,0,1,1
572.52,41,29.16,-0.92,296.2,0,1,1
572.9,40.9,30.24,-1.03,296.2,0,1,1
573.28,40.8,29.52,-0.99,296.2,0,1,1
573.66,40.8,27.72,-0.7,296.2,0,1,1
574.04,40.7,24.12,-1,296.2,0,1,1
574.42,40.6,20.52,-1.02,296.2,0,1,1
574.8,40.6,15.84,-0.75,296.2,0,1,1
575.17,40.6,14.4,-1.1,296.2,0,1,1
575.55,40.5,18,-1.44,296.2,0,1,1
575.92,40.5,22.32,-1.41,296.18,0,1,1
576.29,40.5,28.8,-0.83,296.14,0,1,1
576.67,40.4,33.84,-1.11,296.1,0,1,1
577.03,40.6,34.92,-1.4,296.1,0,1,1
577.4,40.8,36,-1.09,296.1,0,1,1
577.77,41,36.72,-0.99,296.1,0,1,1
578.13,41.2,40.32,-1.17,296.1,0,1,1
578.5,41.4,42.12,-1.54,296.1,0,1,1
578.86,41.1,44.28,-1.41,296.1,0,1,1
579.22,40.8,48.6,-1.17,296.1,0,1,1
579.59,40.5,50.4,-1.38,296.1,0,1,1
579.95,40.2,52.2,-1.3,296.1,0,1,1
580.31,39.9,53.64,-1.39,296.1,0,1,1
580.67,40,54,-1.37,296.1,0,1,1
581.02,40,54.36,-1.49,296.1,0,1,1
581.38,40.1,52.2,-1.45,296.1,0,1,1
581.74,40.1,52.92,-1.53,296.1,0,1,1
582.09,40.2,54.72,-1.45,296.1,0,1,1
582.44,40.2,56.16,-1.61,296.1,0,1,1
582.79,40.1,60.48,-1.46,296.1,0,1,1
583.15,40.1,63.72,-1.11,296.1,0,1,1
583.5,40.1,68.4,-1.37,296.1,0,1,1
583.85,40,69.48,-1.3,296.1,0,1,1
584.2,40,69.84,-1.28,296.1,0,1,1
584.55,39.9,67.32,-0.91,296.1,0,1,1
584.9,39.9,59.76,-0.81,296.1,0,1,1
585.25,39.9,54,-0.7,296.1,0,1,1
585.61,39.8,48.6,-0.91,296.1,0,1,1
585.96,40,45.36,-0.45,296.1,0,1,1
586.3,40.3,38.16,-0.56,296.1,0,1,1
586.65,40.5,34.2,-0.58,296.1,0,1,1
587,40.7,24.48,-0.53,296.1,0,1,1
587.35,40.9,15.12,-0.34,296.1,0,1,1
587.7,40.8,3.96,-0.45,296.1,0,1,1
588.04,40.6,-1.44,-1.05,296.1,0,1,1
588.39,40.5,-13.68,-1.13,296.1,0,1,1
588.73,40.3,-21.6,-0.5,296.1,0,1,1
589.08,40.2,-27.72,-0.65,296.1,0,1,1
589.42,40.5,-29.88,-1.03,296.1,0,1,1
589.77,40.9,-30.24,-0.78,296.1,0,1,1
590.12,41.2,-30.24,-0.45,296.12,0,1,1
590.46,41.5,-29.52,-0.58,296.16,0,1,1
590.81,41.9,-29.88,-0.13,296.2,0,1,1
591.16,41.8,-30.6,0.28,296.2,0,1,1
591.51,41.7,-29.88,0.15,296.2,0,1,1
591.86,41.5,-28.8,0.1,296.2,0,1,1
592.21,41.4,-23.76,0.2,296.2,0,1,1
592.56,41.3,-18.72,0.44,296.2,0,1,1
592.92,41.4,-18,0.4,296.2,0,1,1
593.28,41.6,-16.56,0.36,296.2,0,1,1
593.64,41.8,-14.4,0.05,296.22,0,1,1
594,41.9,-11.52,0.19,296.26,0,1,1
594.36,42.1,-7.56,0.35,296.3,0,1,1
594.73,42.2,-4.32,0.56,296.3,0,1,1
595.09,42.4,-2.88,0.37,296.3,0,1,1
595.46,42.6,-3.24,0.52,296.3,0,1,1
595.83,42.7,-7.2,0.66,296.3,0,1,1
596.19,42.9,-10.08,0.49,296.3,0,1,1
596.57,42.7,-11.52,0.46,296.3,0,1,1
596.94,42.6,-12.96,0.55,296.3,0,1,1
597.31,42.4,-15.12,1.2,296.3,0,1,1
597.69,42.2,-20.88,0.6,296.3,0,1,1
598.06,42.1,-24.84,0.24,296.3,0,1,1
598.44,41.9,-27.72,1.08,296.3,0,1,1
598.82,41.7,-33.12,0.68,296.3,0,1,1
599.19,41.6,-34.2,0.83,296.32,0,1,1
599.57,41.4,-36.36,0.64,296.36,0,1,1
599.95,41.3,-37.44,1.24,296.4,0,1,1
600.33,41.1,-38.52,1.16,296.4,0,1,1
600.72,40.8,-36.36,0.38,296.4,0,1,1
601.1,40.6,-35.64,1.31,296.4,0,1,1
601.48,40.4,-32.76,0.73,296.4,0,1,1
601.87,40.2,-33.12,0.9,296.4,0,1,1
602.25,40,-36.72,1.12,296.4,0,1,1
602.64,39.7,-37.08,1.06,296.4,0,1,1
603.03,39.5,-35.28,1.06,296.4,0,1,1
603.41,39.2,-28.44,0.86,296.4,0,1,1
603.8,39,-25.56,1.19,296.4,0,1,1
604.18,38.9,-23.76,0.8,296.4,0,1,1
604.56,38.7,-24.48,0.93,296.4,0,1,1
604.94,38.6,-25.56,0.95,296.42,0,1,1
605.32,38.5,-23.76,1.04,296.46,0,1,1
605.7,38.4,-19.08,1.02,296.5,0,1,1
606.06,38.5,-16.2,1.14,296.5,0,1,1
606.43,38.6,-18,1.23,296.5,0,1,1
606.79,38.8,-23.04,1.21,296.5,0,1,1
607.16,38.9,-30.6,0.99,296.5,0,1,1
607.53,39,-34.56,1.49,296.5,0,1,1
607.88,39,-37.08,1.38,296.5,0,1,1
608.23,38.9,-37.8,0.94,296.5,0,1,1
608.58,38.9,-39.96,1.4,296.5,0,1,1
608.93,38.8,-42.12,1.29,296.5,0,1,1
609.28,38.8,-47.16,1.25,296.5,0,1,1
609.63,38.6,-51.12,1.4,296.5,0,1,1
609.97,38.3,-55.08,1.66,296.5,0,1,1
610.31,38.1,-56.16,1.5,296.5,0,1,1
610.65,37.9,-54.72,1.2,296.5,0,1,1
611,37.6,-52.56,1.31,296.5,0,1,1
611.33,37.7,-46.44,1.33,296.5,0,1,1
611.66,37.7,-46.8,1.44,296.5,0,1,1
611.99,37.7,-47.88,1.4,296.5,0,1,1
612.32,37.7,-51.84,1.25,296.5,0,1,1
612.65,37.8,-52.92,1.24,296.5,0,1,1
612.98,37.7,-55.8,1.25,296.5,0,1,1
613.31,37.7,-54,1.04,296.5,0,1,1
613.64,37.7,-48.96,1.44,296.5,0,1,1
613.96,37.7,-39.96,1.29,296.5,0,1,1
614.29,37.7,-35.64,0.76,296.5,0,1,1
614.61,37.5,-30.6,0.76,296.5,0,1,1
614.93,37.4,-25.92,1.07,296.5,0,1,1
615.25,37.2,-18.72,0.67,296.52,0,1,1
615.57,37.1,-11.88,0.1,296.56,0,1,1
615.89,36.9,0,0.1,296.6,0,1,1
616.2,37.2,8.28,0.11,296.6,0,1,1
616.51,37.5,21.24,0.29,296.6,0,1,1
616.81,37.8,25.92,-0.36,296.62,0,1,1
617.12,38.1,30.96,-0.71,296.66,0,1,1
617.43,38.4,33.12,-0.51,296.7,0,1,1
617.73,38.2,38.52,-0.33,296.7,0,1,1
618.02,38,39.96,-0.45,296.7,0,1,1
618.32,37.8,42.84,-0.76,296.7,0,1,1
618.62,37.6,41.76,-0.65,296.7,0,1,1
618.91,37.3,37.44,-0.54,296.7,0,1,1
619.21,37.2,33.84,-0.67,296.7,0,1,1
619.51,37.1,32.4,-0.88,296.7,0,1,1
619.81,36.9,35.64,-1.16,296.7,0,1,1
620.11,36.8,42.48,-1.03,296.7,0,1,1
620.41,36.6,45.72,-0.58,296.7,0,1,1
620.71,36.1,48.96,-0.92,296.7,0,1,1
621.01,35.5,50.04,-1.05,296.7,0,1,1
621.31,35,43.92,-1.22,296.72,0,1,1
621.61,34.4,33.84,-0.83,296.76,0,1,1
621.9,33.9,20.52,-0.37,296.8,0,1,1
622.2,33.9,16.2,-1.38,296.8,0,1,1
622.5,34,24.12,-1.31,296.8,0,1,1
622.79,34,32.04,-1.07,296.82,0,1,1
623.09,34.1,40.32,-1.11,296.86,0,1,1
623.38,34.1,43.56,-0.9,296.9,0,1,1
623.71,33.7,47.52,-1.26,296.9,0,1,1
624.03,33.2,44.64,-1.67,296.9,0,1,1
624.36,32.7,32.04,-0.88,296.92,0,1,1
624.68,32.3,26.28,-1.08,296.96,0,1,1
625.01,31.8,30.24,-2.01,297,0,1,1
625.33,31.8,35.64,-1.84,297,0,1,1
625.65,31.7,50.04,-1.32,297,0,1,1
625.97,31.7,61.2,-1.41,297.02,0,1,1
626.29,31.7,68.04,-0.89,297.06,0,1,1
626.61,31.7,70.2,-0.57,297.1,0,1,1
626.91,31.5,65.52,-1.11,297.1,0,1,1
627.22,31.4,60.12,-1.18,297.1,0,1,1
627.53,31.2,50.4,-1.42,297.1,0,1,1
627.84,31,44.64,-1.51,297.1,0,1,1
628.14,30.9,45.36,-1.64,297.1,0,1,1
628.43,30.8,48.6,-1.95,297.1,0,1,1
628.72,30.6,55.08,-2.15,297.1,0,1,1
629,30.5,64.8,-1.09,297.12,0,1,1
629.29,30.4,69.12,-0.78,297.16,0,1,1
629.58,30.3,70.2,-1.21,297.2,0,1,1
629.85,29.8,69.12,-1.22,297.2,0,1,1
630.13,29.4,56.52,-0.8,297.2,0,1,1
630.4,29,43.92,-0.64,297.2,0,1,1
630.68,28.5,25.56,-0.18,297.2,0,1,1
630.95,28.1,12.96,-0.4,297.2,0,1,1
631.22,28.2,7.56,-0.63,297.2,0,1,1
631.48,28.4,-1.44,0.25,297.2,0,1,1
631.75,28.5,-9.72,0.57,297.2,0,1,1
632.02,28.6,-23.04,-0.27,297.2,0,1,1
632.28,28.7,-34.56,-0.28,297.2,0,1,1
632.54,28.6,-41.76,0.36,297.2,0,1,1
632.8,28.5,-51.84,0.51,297.2,0,1,1
633.05,28.4,-51.48,0.4,297.22,0,1,1
633.31,28.4,-50.04,0.27,297.26,0,1,1
633.57,28.3,-47.88,0.77,297.3,0,1,1
633.82,28.3,-50.76,0.39,297.3,0,1,1
634.07,28.3,-56.88,0.7,297.3,0,1,1
634.32,28.3,-58.68,0.78,297.3,0,1,1
634.57,28.3,-59.76,0.92,297.3,0,1,1
634.83,28.4,-57.6,0.96,297.3,0,1,1
635.07,29,-54.72,0.89,297.3,0,1,1
635.32,29.6,-54,1.07,297.3,0,1,1
635.57,30.2,-48.96,0.84,297.3,0,1,1
635.82,30.8,-43.92,0.81,297.3,0,1,1
636.06,31.4,-39.96,1.09,297.3,0,1,1
636.31,30.9,-39.96,1.08,297.3,0,1,1
636.56,30.3,-39.6,1.01,297.3,0,1,1
636.8,29.8,-39.96,0.94,297.3,0,1,1
637.05,29.2,-40.32,1.18,297.3,0,1,1
637.29,28.7,-40.68,1.15,297.3,0,1,1
637.54,28.8,-44.28,1.76,297.3,0,1,1
637.78,29,-49.32,1.84,297.3,0,1,1
638.03,29.1,-52.2,1.44,297.3,0,1,1
638.27,29.3,-54.72,1.36,297.3,0,1,1
638.52,29.4,-54.36,1.32,297.3,0,1,1
638.76,29.3,-54.72,1.43,297.3,0,1,1
639,29.2,-55.08,1.26,297.3,0,1,1
639.25,29.1,-54,1.27,297.32,0,1,1
639.49,29,-51.84,1.4,297.36,0,1,1
639.73,28.9,-49.68,1.36,297.4,0,1,1
639.98,29.1,-50.76,1.41,297.4,0,1,1
640.22,29.3,-54,1.53,297.4,0,1,1
640.46,29.5,-56.88,1.48,297.4,0,1,1
640.71,29.7,-57.6,1.08,297.4,0,1,1
640.95,29.8,-55.44,0.96,297.4,0,1,1
641.2,29.8,-51.48,0.91,297.4,0,1,1
641.45,29.8,-47.52,0.83,297.4,0,1,1
641.7,29.8,-41.04,1.07,297.4,0,1,1
641.95,29.8,-33.12,0.55,297.4,0,1,1
642.2,29.8,-27.72,0.18,297.4,0,1,1
642.45,30,-18.36,0.02,297.4,0,1,1
642.71,30.3,-9.72,-0.32,297.4,0,1,1
642.96,30.6,7.2,-0.19,297.4,0,1,1
643.21,30.8,18.36,-0.45,297.4,0,1,1
643.47,31.1,30.24,-0.48,297.4,0,1,1
643.72,31.3,34.56,-0.25,297.4,0,1,1
643.96,31.5,37.08,-0.67,297.4,0,1,1
644.21,31.6,38.52,-0.62,297.4,0,1,1
644.46,31.8,42.12,-1.07,297.4,0,1,1
644.71,32,46.44,-1.03,297.4,0,1,1
644.97,31.8,53.28,-1.13,297.4,0,1,1
645.24,31.7,56.88,-1.39,297.4,0,1,1
645.5,31.5,60.12,-1.24,297.38,0,1,1
645.76,31.3,57.6,-1.05,297.34,0,1,1
646.02,31.1,51.84,-1,297.3,0,1,1
646.3,31.2,47.88,-0.59,297.3,0,1,1
646.57,31.3,45.72,-1.02,297.3,0,1,1
646.84,31.4,45,-1.51,297.3,0,1,1
647.11,31.6,45,-1.14,297.3,0,1,1
647.39,31.7,46.44,-1.02,297.3,0,1,1
647.67,31.5,48.24,-1.5,297.3,0,1,1
647.95,31.4,47.52,-1.3,297.3,0,1,1
648.23,31.2,46.08,-1.18,297.28,0,1,1
648.51,31.1,45.36,-1.33,297.24,0,1,1
648.8,31,44.64,-1.52,297.2,0,1,1
649.08,30.9,44.64,-1.09,297.2,0,1,1
649.36,30.9,45.72,-0.94,297.2,0,1,1
649.64,30.8,45.36,-1.42,297.2,0,1,1
649.92,30.7,43.2,-1,297.2,0,1,1
650.2,30.7,41.76,-1.26,297.2,0,1,1
650.48,30.8,41.04,-1.11,297.2,0,1,1
650.75,31,41.4,-1.11,297.2,0,1,1
651.03,31.1,41.04,-1.22,297.22,0,1,1
651.31,31.3,41.76,-0.95,297.26,0,1,1
651.58,31.4,41.04,-0.93,297.3,0,1,1
651.85,31.5,39.96,-0.74,297.3,0,1,1
652.12,31.7,36.72,-1,297.3,0,1,1
652.39,31.8,34.56,-1.26,297.3,0,1,1
652.65,32,31.68,-0.87,297.3,0,1,1
652.92,32.1,30.24,-0.82,297.3,0,1,1
653.19,32.3,29.52,-0.46,297.3,0,1,1
653.45,32.5,28.44,-0.17,297.3,0,1,1
653.72,32.6,19.8,-0.01,297.32,0,1,1
653.98,32.8,8.64,0.03,297.36,0,1,1
654.25,33,-1.08,-0.17,297.4,0,1,1
654.51,33.3,-11.16,-0.13,297.4,0,1,1
654.78,33.6,-20.16,0.36,297.4,0,1,1
655.04,33.9,-21.96,0.15,297.4,0,1,1
655.31,34.2,-22.32,0.42,297.4,0,1,1
655.57,34.5,-21.24,0.03,297.4,0,1,1
655.85,34.6,-20.88,0.38,297.4,0,1,1
656.12,34.6,-19.44,0.16,297.4,0,1,1
656.39,34.6,-18,0.78,297.4,0,1,1
656.66,34.7,-17.28,1.1,297.4,0,1,1
656.94,34.7,-16.92,0.72,297.4,0,1,1
657.22,35,-18,0.77,297.4,0,1,1
657.51,35.3,-20.88,0.93,297.4,0,1,1
657.79,35.7,-25.92,1.07,297.4,0,1,1
658.08,36,-29.52,0.68,297.4,0,1,1
658.36,36.3,-32.76,0.99,297.4,0,1,1
658.66,36.7,-34.2,0.91,297.4,0,1,1
658.97,37.2,-33.84,1.11,297.4,0,1,1
659.27,37.6,-33.84,0.76,297.42,0,1,1
659.57,38,-33.84,0.99,297.46,0,1,1
659.87,38.5,-34.56,1.23,297.5,0,1,1
660.19,38.5,-37.08,1.03,297.5,0,1,1
660.5,38.5,-40.68,1.06,297.5,0,1,1
660.82,38.6,-41.76,1.02,297.52,0,1,1
661.14,38.6,-42.48,1.15,297.56,0,1,1
661.45,38.6,-41.4,0.79,297.6,0,1,1
661.78,38.8,-39.96,0.98,297.6,0,1,1
662.11,39,-38.16,1,297.6,0,1,1
662.44,39.1,-36,1.23,297.6,0,1,1
662.77,39.3,-33.84,0.83,297.6,0,1,1
663.1,39.5,-32.04,1,297.6,0,1,1
663.44,39.7,-30.6,1.04,297.6,0,1,1
663.77,39.9,-24.48,0.71,297.6,0,1,1
664.11,40.2,-23.4,0.82,297.64,0,1,1
664.44,40.4,-23.4,0.81,297.72,0,1,1
664.78,40.6,-21.96,0.83,297.8,0,1,1
665.12,40.9,-23.04,0.98,297.8,0,1,1
665.47,41.1,-22.32,1.04,297.8,0,1,1
665.81,41.4,-20.16,1.03,297.8,0,1,1
666.16,41.6,-16.92,0.74,297.8,0,1,1
666.5,41.9,-15.48,0.95,297.8,0,1,1
666.86,41.9,-14.76,0.86,297.8,0,1,1
667.21,42,-14.76,0.86,297.8,0,1,1
667.56,42,-16.92,0.94,297.8,0,1,1
667.91,42,-19.8,0.84,297.8,0,1,1
668.27,42,-19.44,0.72,297.8,0,1,1
668.63,42.1,-17.64,0.52,297.8,0,1,1
668.99,42.2,-16.56,0.91,297.8,0,1,1
669.35,42.3,-19.44,0.67,297.8,0,1,1
669.71,42.4,-20.88,0.58,297.8,0,1,1
670.07,42.4,-23.76,0.97,297.8,0,1,1
670.45,42.6,-24.84,0.74,297.8,0,1,1
670.82,42.8,-24.84,0.7,297.8,0,1,1
671.2,43,-21.24,0.44,297.8,0,1,1
671.57,43.2,-14.76,0.38,297.8,0,1,1
671.94,43.3,-9,0.53,297.8,0,1,1
672.33,43.6,-4.68,0.19,297.8,0,1,1
672.71,43.8,-1.44,0.26,297.8,0,1,1
673.1,44,0,0.29,297.8,0,1,1
673.48,44.2,3.6,-0.24,297.8,0,1,1
673.87,44.4,9.36,-0.38,297.8,0,1,1
674.26,44.5,15.12,-0.2,297.8,0,1,1
674.65,44.6,17.28,-0.53,297.8,0,1,1
675.05,44.8,16.92,-0.46,297.8,0,1,1
675.44,44.9,14.4,0.14,297.8,0,1,1
675.83,45,7.92,-0.24,297.8,0,1,1
676.24,45.2,6.84,-0.38,297.8,0,1,1
676.64,45.4,5.04,0.3,297.8,0,1,1
677.04,45.5,2.52,-0.13,297.8,0,1,1
677.45,45.7,0,0.06,297.8,0,1,1
677.85,45.9,0,-0.17,297.8,0,1,1
678.26,46.1,-2.16,-0.51,297.8,0,1,1
678.68,46.4,-1.8,-0.02,297.8,0,1,1
679.09,46.6,-0.72,-0.08,297.8,0,1,1
679.5,46.8,0,-0.24,297.8,0,1,1
679.92,47.1,0,0.09,297.8,0,1,1
680.34,47.5,3.6,-0.05,297.8,0,1,1
680.76,47.8,4.68,-0.16,297.8,0,1,1
681.18,48.2,4.68,-0.3,297.8,0,1,1
681.6,48.6,6.48,-0.32,297.8,0,1,1
682.02,49,6.48,-0.3,297.8,0,1,1
682.45,48.7,7.56,-0.2,297.8,0,1,1
682.87,48.5,9.72,-0.46,297.8,0,1,1
683.3,48.2,13.32,-0.86,297.8,0,1,1
683.73,48,15.12,-0.41,297.8,0,1,1
684.15,47.7,18.36,-0.3,297.8,0,1,1
684.59,47.8,20.16,-1.39,297.8,0,1,1
685.02,47.9,27,-1.07,297.8,0,1,1
685.45,48,30.96,-0.64,297.8,0,1,1
685.89,48.2,34.56,-1.06,297.8,0,1,1
686.32,48.3,38.88,-0.88,297.8,0,1,1
686.76,47.9,37.8,-0.79,297.8,0,1,1
687.19,47.6,33.48,-1.14,297.8,0,1,1
687.63,47.3,29.88,-1.38,297.82,0,1,1
688.07,47,29.88,-0.98,297.86,0,1,1
688.51,46.7,31.32,-0.71,297.9,0,1,1
688.95,46.6,32.76,-1.26,297.9,0,1,1
689.39,46.5,34.2,-1.64,297.9,0,1,1
689.83,46.4,34.2,-0.68,297.9,0,1,1
690.27,46.4,31.32,-0.83,297.9,0,1,1
690.71,46.3,30.6,-0.8,297.9,0,1,1
691.15,46,26.64,-0.91,297.9,0,1,1
691.58,45.7,22.32,-0.88,297.9,0,1,1
692.02,45.5,16.2,-1.12,297.9,0,1,1
692.46,45.2,11.52,-1.43,297.9,0,1,1
692.9,44.9,7.92,-1.15,297.9,0,1,1
693.32,44.8,10.44,-1.16,297.9,0,1,1
693.75,44.7,16.92,-1.18,297.9,0,1,1
694.18,44.6,19.44,-1.01,297.9,0,1,1
694.61,44.6,23.4,-0.95,297.9,0,1,1
695.04,44.5,23.04,-1.23,297.9,0,1,1
695.45,44.8,18,-0.92,297.9,0,1,1
695.86,45.2,15.84,-0.57,297.9,0,1,1
696.27,45.5,18,-0.95,297.88,0,1,1
696.68,45.8,19.44,-0.92,297.84,0,1,1
697.09,46.2,25.2,-1.11,297.8,0,1,1
697.5,46,27.36,-0.81,297.8,0,1,1
697.9,45.8,27,-1.55,297.8,0,1,1
698.31,45.7,25.2,-1.11,297.8,0,1,1
698.71,45.5,26.28,-1.01,297.8,0,1,1
699.12,45.3,27.36,-1.13,297.8,0,1,1
699.52,45.3,32.4,-0.7,297.8,0,1,1
699.92,45.3,34.92,-1.23,297.8,0,1,1
700.32,45.2,37.8,-1.08,297.8,0,1,1
700.72,45.2,36.36,-1.09,297.8,0,1,1
701.12,45.1,30.6,-0.94,297.8,0,1,1
701.52,45.2,26.64,-0.86,297.8,0,1,1
701.92,45.2,21.24,-1.17,297.8,0,1,1
702.32,45.2,21.6,-1.07,297.8,0,1,1
702.72,45.2,26.28,-1.13,297.8,0,1,1
703.12,45.2,28.8,-0.74,297.8,0,1,1
703.52,45.1,27.72,-0.85,297.8,0,1,1
703.91,45,24.48,-0.91,297.8,0,1,1
704.31,44.9,13.32,-0.79,297.8,0,1,1
704.7,44.8,6.84,-0.23,297.8,0,1,1
705.1,44.7,2.16,-0.25,297.8,0,1,1
705.49,44.8,0.72,-0.85,297.8,0,1,1
705.88,44.9,1.8,-0.34,297.8,0,1,1
706.28,44.9,0,0.18,297.82,0,1,1
706.67,45,-7.92,0.27,297.86,0,1,1
707.07,45.1,-12.96,-0.17,297.9,0,1,1
707.46,45,-23.04,0.7,297.9,0,1,1
707.86,44.9,-29.88,0.89,297.9,0,1,1
708.25,44.8,-34.2,0.22,297.9,0,1,1
708.65,44.7,-35.64,0.44,297.9,0,1,1
709.05,44.6,-39.24,0.65,297.9,0,1,1
709.44,44.4,-41.4,1.22,297.9,0,1,1
709.84,44.1,-43.2,1.19,297.9,0,1,1
710.24,43.8,-45,0.9,297.9,0,1,1
710.63,43.5,-45,1.14,297.9,0,1,1
711.03,43.2,-48.6,1.17,297.9,0,1,1
711.43,43.1,-49.32,1.46,297.9,0,1,1
711.83,42.9,-52.56,1.33,297.9,0,1,1
712.23,42.7,-53.28,1.08,297.92,0,1,1
712.63,42.6,-55.08,0.91,297.96,0,1,1
713.03,42.4,-56.16,1.51,298,0,1,1
713.42,42.3,-59.4,2.03,298,0,1,1
713.82,42.2,-61.92,1.76,298,0,1,1
714.21,42.1,-60.84,1.82,298,0,1,1
714.61,42,-59.76,1.64,298,0,1,1
715.01,41.8,-58.32,1.52,298,0,1,1
715.4,41.6,-57.24,1.25,298,0,1,1
715.78,41.4,-59.4,1.44,298,0,1,1
716.17,41.2,-61.2,1.12,298,0,1,1
716.56,41,-62.28,1.29,298,0,1,1
716.95,40.8,-60.84,0.92,298,0,1,1
717.33,40.6,-52.92,0.6,298,0,1,1
717.71,40.3,-43.92,0.91,298,0,1,1
718.08,40,-35.28,0.63,297.98,0,1,1
718.46,39.8,-24.84,0.72,297.94,0,1,1
718.84,39.5,-18.36,1.56,297.9,0,1,1
719.21,39.4,-17.64,1.89,297.9,0,1,1
719.57,39.3,-12.96,1.57,297.9,0,1,1
719.94,39.2,-12.6,1.13,297.9,0,1,1
720.31,39.1,-15.12,1.36,297.9,0,1,1
720.67,39,-16.56,1.32,297.9,0,1,1
721.03,39,-17.64,1.74,297.9,0,1,1
721.39,38.9,-18,1.13,297.9,0,1,1
721.75,38.9,-16.2,0.96,297.9,0,1,1
722.11,38.9,-10.8,0.91,297.9,0,1,1
722.47,38.9,-1.8,1.35,297.9,0,1,1
722.82,38.9,3.6,1.08,297.9,0,1,1
723.18,38.9,9,0.64,297.9,0,1,1
723.53,38.9,8.28,1.19,297.9,0,1,1
723.88,38.9,0.72,1.15,297.9,0,1,1
724.23,38.9,-4.68,1.16,297.9,0,1,1
724.58,38.9,-11.16,1.01,297.9,0,1,1
724.92,38.9,-19.08,0.79,297.9,0,1,1
725.27,38.8,-24.12,0.49,297.9,0,1,1
725.61,38.8,-28.08,0.79,297.9,0,1,1
725.96,38.8,-28.8,0.63,297.9,0,1,1
726.3,38.3,-25.92,0.39,297.9,0,1,1
726.65,37.9,-21.6,0.03,297.9,0,1,1
726.99,37.4,-14.76,0.25,297.88,0,1,1
727.34,37,-9.72,-0.43,297.84,0,1,1
727.68,36.5,-2.16,-0.42,297.8,0,1,1
728.03,36.7,3.6,-0.4,297.8,0,1,1
728.37,36.8,14.4,-0.44,297.8,0,1,1
728.71,37,20.88,-0.95,297.82,0,1,1
729.06,37.2,31.68,-1.1,297.86,0,1,1
729.4,37.3,39.96,-1.06,297.9,0,1,1
729.75,38,47.52,-0.79,297.9,0,1,1
730.09,38.7,50.4,-0.89,297.9,0,1,1
730.43,39.3,52.92,-1.11,297.9,0,1,1
730.78,40,54.72,-1.35,297.9,0,1,1
731.12,40.7,57.96,-1.41,297.9,0,1,1
731.46,40.3,60.12,-1.63,297.9,0,1,1
731.8,39.9,63,-1.28,297.9,0,1,1
732.14,39.5,63.72,-1.43,297.9,0,1,1
732.48,39.1,63.72,-1.57,297.9,0,1,1
732.83,38.7,63.72,-1.35,297.9,0,1,1
733.16,38.8,61.56,-1.53,297.9,0,1,1
733.5,38.8,59.4,-1.29,297.9,0,1,1
733.84,38.9,60.48,-1.36,297.88,0,1,1
734.17,39,63.36,-1.49,297.84,0,1,1
734.51,39,66.24,-1.55,297.8,0,1,1
734.84,39.2,70.92,-1.19,297.8,0,1,1
735.17,39.3,74.16,-1.5,297.8,0,1,1
735.5,39.5,75.24,-1.6,297.8,0,1,1
735.83,39.6,75.6,-1.25,297.8,0,1,1
736.16,39.8,72.72,-1.54,297.8,0,1,1
736.49,39.1,71.28,-1.47,297.8,0,1,1
736.81,38.4,69.84,-1.4,297.8,0,1,1
737.14,37.8,71.64,-1.03,297.82,0,1,1
737.46,37.1,75.24,-1.36,297.86,0,1,1
737.78,36.4,78.12,-1.28,297.9,0,1,1
738.1,36.4,79.92,-1.04,297.9,0,1,1
738.42,36.3,79.2,-0.68,297.9,0,1,1
738.74,36.3,72.36,-0.16,297.9,0,1,1
739.06,36.3,55.44,-0.01,297.9,0,1,1
739.38,36.2,46.44,-0.53,297.9,0,1,1
739.69,36.3,36.36,-0.55,297.9,0,1,1
740.01,36.3,25.92,-0.5,297.9,0,1,1
740.32,36.3,20.88,-0.74,297.9,0,1,1
740.63,36.4,15.84,-0.9,297.9,0,1,1
740.94,36.4,9.36,-0.31,297.9,0,1,1
741.25,36.7,3.24,-0.23,297.9,0,1,1
741.56,37,0,-0.57,297.9,0,1,1
741.87,37.4,-4.32,-0.9,297.9,0,1,1
742.18,37.7,-10.8,-1.3,297.9,0,1,1
742.49,38,-16.2,-0.93,297.9,0,1,1
742.8,37.9,-21.24,-1.3,297.9,0,1,1
743.11,37.8,-28.44,-1.19,297.9,0,1,1
743.42,37.6,-33.48,-0.64,297.9,0,1,1
743.73,37.5,-39.96,-0.2,297.9,0,1,1
744.04,37.4,-43.92,-0.23,297.9,0,1,1
744.35,37.2,-47.88,-0.35,297.9,0,1,1
744.66,37.1,-51.84,-0.17,297.9,0,1,1
744.98,36.9,-56.16,-0.1,297.92,0,1,1
745.29,36.8,-52.56,-0.18,297.96,0,1,1
745.6,36.6,-44.64,-0.09,298,0,1,1
745.93,36.4,-33.84,-0.12,298,0,1,1
746.25,36.2,-28.8,0.53,298,0,1,1
746.58,36,-24.84,0.5,298,0,1,1
746.9,35.8,-23.04,0.31,298,0,1,1
747.23,35.6,-20.16,0.52,298,0,1,1
747.56,35.6,-19.08,0.67,298,0,1,1
747.88,35.5,-21.24,1.04,298,0,1,1
748.21,35.5,-22.32,0.83,298,0,1,1
748.53,35.5,-27.72,1.19,298,0,1,1
748.86,35.4,-32.04,1.14,298,0,1,1
749.19,35.4,-40.32,1.28,298,0,1,1
749.52,35.4,-43.92,1.05,298,0,1,1
749.85,35.4,-45.36,1.04,298,0,1,1
750.17,35.5,-45,0.75,298,0,1,1
750.5,35.5,-42.12,1.56,298,0,1,1
750.83,35.6,-42.48,1.85,298,0,1,1
751.16,35.8,-45,1.46,298,0,1,1
751.49,36,-50.04,1.44,298.02,0,1,1
751.82,36.1,-56.88,1.57,298.06,0,1,1
752.14,36.3,-61.92,1.98,298.1,0,1,1
752.47,36.1,-64.08,1.48,298.1,0,1,1
752.8,35.9,-63.72,1.33,298.1,0,1,1
753.13,35.7,-59.4,1.17,298.1,0,1,1
753.46,35.5,-55.08,1.1,298.1,0,1,1
753.78,35.3,-52.56,1.07,298.1,0,1,1
754.11,35.3,-49.32,0.84,298.1,0,1,1
754.43,35.4,-48.96,1.38,298.1,0,1,1
754.75,35.4,-49.32,1.43,298.1,0,1,1
755.08,35.5,-50.04,1.1,298.1,0,1,1
755.4,35.5,-50.04,1.54,298.1,0,1,1
755.71,35.4,-48.6,1.44,298.1,0,1,1
756.03,35.3,-46.44,1.38,298.1,0,1,1
756.35,35.2,-44.64,1.07,298.08,0,1,1
756.66,35.1,-43.56,1.29,298.04,0,1,1
756.98,34.9,-42.12,1.5,298,0,1,1
757.29,34.9,-42.84,1.69,298,0,1,1
757.6,34.9,-44.28,1.52,298,0,1,1
757.91,34.9,-45.72,1.37,298,0,1,1
758.23,34.9,-46.44,1.29,298,0,1,1
758.54,34.9,-46.8,1.15,298,0,1,1
758.85,35,-46.44,1.12,298,0,1,1
759.16,35.1,-43.2,1.41,298,0,1,1
759.47,35.3,-41.76,1.76,298.02,0,1,1
759.79,35.4,-39.6,1.21,298.06,0,1,1
760.1,35.6,-42.84,1.12,298.1,0,1,1
760.41,35.4,-46.08,1.04,298.1,0,1,1
760.72,35.2,-48.6,1.42,298.1,0,1,1
761.03,35,-46.44,0.35,298.12,0,1,1
761.34,34.7,-39.24,0.29,298.16,0,1,1
761.65,34.5,-26.28,0.13,298.2,0,1,1
761.95,34.7,-10.8,0.37,298.2,0,1,1
762.26,34.9,8.64,-0.29,298.2,0,1,1
762.57,35.1,19.8,-0.73,298.2,0,1,1
762.87,35.3,38.52,-0.99,298.2,0,1,1
763.18,35.5,49.32,-0.75,298.2,0,1,1
763.46,35.6,61.92,-0.95,298.2,0,1,1
763.74,35.6,68.04,-1.07,298.2,0,1,1
764.01,35.6,72.72,-0.9,298.22,0,1,1
764.29,35.6,73.44,-1.12,298.26,0,1,1
764.57,35.6,71.64,-1.5,298.3,0,1,1
764.87,35.5,69.12,-1.21,298.3,0,1,1
765.17,35.4,64.44,-1.39,298.3,0,1,1
765.47,35.3,63,-1.4,298.3,0,1,1
765.78,35.2,62.64,-1.14,298.3,0,1,1
766.08,35.1,65.52,-1.33,298.3,0,1,1
766.38,35,70.92,-1.18,298.3,0,1,1
766.68,34.9,73.44,-1.37,298.3,0,1,1
766.99,34.9,75.96,-1.21,298.3,0,1,1
767.29,34.8,73.44,-1.57,298.3,0,1,1
767.59,34.8,68.4,-1.31,298.3,0,1,1
767.9,34.7,65.16,-1.18,298.3,0,1,1
768.2,34.7,64.8,-1.38,298.3,0,1,1
768.51,34.6,63,-1.1,298.3,0,1,1
768.81,34.6,61.2,-0.91,298.3,0,1,1
769.11,34.6,57.6,-0.57,298.3,0,1,1
769.42,34.5,46.8,-0.39,298.3,0,1,1
769.72,34.5,38.88,-0.53,298.3,0,1,1
770.03,34.4,24.84,0.02,298.3,0,1,1
770.33,34.4,15.12,-0.28,298.3,0,1,1
770.64,34.4,7.56,-1.04,298.3,0,1,1
770.94,34.4,5.4,-1.16,298.3,0,1,1
771.24,34.4,4.32,-1.23,298.3,0,1,1
771.54,34.5,5.04,-1.02,298.3,0,1,1
771.84,34.5,5.76,-1.5,298.3,0,1,1
772.15,34.6,9.36,-1.37,298.3,0,1,1
772.44,34.9,12.6,-1.48,298.3,0,1,1
772.74,35.1,18.72,-1.48,298.3,0,1,1
773.04,35.4,23.76,-1.45,298.3,0,1,1
773.34,35.7,30.24,-1.13,298.3,0,1,1
773.63,36,34.2,-0.89,298.3,0,1,1
773.93,36.2,34.2,-1.03,298.3,0,1,1
774.24,36.4,34.56,-1.39,298.3,0,1,1
774.54,36.5,34.56,-1.16,298.32,0,1,1
774.84,36.7,33.48,-0.9,298.36,0,1,1
775.14,36.9,30.96,-0.68,298.4,0,1,1
775.45,37.1,25.92,-0.69,298.4,0,1,1
775.75,37.2,21.6,-0.56,298.4,0,1,1
776.06,37.4,14.4,-0.5,298.4,0,1,1
776.37,37.5,11.88,-1.06,298.4,0,1,1
776.67,37.7,10.44,-1.26,298.4,0,1,1
776.97,37.9,9,-0.91,298.4,0,1,1
777.28,38.2,8.28,-0.76,298.4,0,1,1
777.58,38.4,7.56,-0.82,298.42,0,1,1
777.88,38.6,3.24,-0.83,298.46,0,1,1
778.19,38.8,0,-0.38,298.5,0,1,1
778.51,39,-3.24,-0.73,298.5,0,1,1
778.83,39.2,-3.96,-1.03,298.5,0,1,1
779.15,39.4,-3.96,-0.52,298.52,0,1,1
779.47,39.5,-1.44,-0.08,298.56,0,1,1
779.79,39.7,0,0.21,298.6,0,1,1
780.11,40.1,0,-0.19,298.6,0,1,1
780.44,40.4,3.24,0.01,298.6,0,1,1
780.77,40.7,3.96,0.51,298.6,0,1,1
781.1,41.1,3.6,0.14,298.6,0,1,1
781.42,41.4,5.76,-0.56,298.6,0,1,1
781.76,41.6,7.56,-0.3,298.6,0,1,1
782.09,41.8,8.64,-0.48,298.6,0,1,1
782.43,42,9,-0.4,298.62,0,1,1
782.76,42.2,9.36,-0.3,298.66,0,1,1
783.1,42.4,7.92,-0.18,298.7,0,1,1
783.45,42.7,6.12,-0.14,298.7,0,1,1
783.79,43,2.16,-0.34,298.7,0,1,1
784.14,43.3,0,0.45,298.72,0,1,1
784.49,43.6,-1.8,0.55,298.76,0,1,1
784.83,43.9,-6.12,-0.31,298.8,0,1,1
785.19,44.2,-7.92,0.54,298.8,0,1,1
785.55,44.5,-11.52,1.22,298.8,0,1,1
785.92,44.8,-19.08,1.1,298.82,0,1,1
786.28,45.1,-23.76,0.81,298.86,0,1,1
786.64,45.4,-28.44,0.48,298.9,0,1,1
787,45.4,-30.24,0.75,298.9,0,1,1
787.37,45.5,-30.96,0.74,298.9,0,1,1
787.74,45.5,-30.96,0.97,298.88,0,1,1
788.11,45.6,-30.96,0.88,298.84,0,1,1
788.48,45.7,-28.8,1,298.8,0,1,1
788.86,45.7,-28.44,1.16,298.8,0,1,1
789.24,45.7,-28.8,0.96,298.8,0,1,1
789.62,45.8,-29.52,1.07,298.8,0,1,1
790,45.8,-29.52,1.02,298.8,0,1,1
790.39,45.9,-28.44,0.66,298.8,0,1,1
790.78,46,-25.2,1.06,298.8,0,1,1
791.17,46.2,-23.04,1.39,298.8,0,1,1
791.56,46.3,-21.6,0.9,298.8,0,1,1
791.95,46.4,-22.32,1.12,298.8,0,1,1
792.34,46.6,-23.4,1.12,298.8,0,1,1
792.73,46.7,-25.56,1.22,298.8,0,1,1
793.13,46.8,-26.28,1.13,298.8,0,1,1
793.53,46.9,-26.28,1.03,298.82,0,1,1
793.92,47,-26.64,1.21,298.86,0,1,1
794.32,47.1,-25.56,1,298.9,0,1,1
794.72,47.1,-24.84,1.03,298.9,0,1,1
795.12,47,-24.84,1.23,298.9,0,1,1
795.52,46.9,-25.56,1.06,298.9,0,1,1
795.92,46.9,-28.08,1.14,298.9,0,1,1
796.32,46.8,-29.88,1.06,298.9,0,1,1
796.73,47,-31.68,0.92,298.9,0,1,1
797.13,47.2,-32.04,1.44,298.9,0,1,1
797.53,47.4,-30.6,1.27,298.92,0,1,1
797.94,47.6,-28.08,0.91,298.96,0,1,1
798.34,47.8,-27.72,1.36,299,0,1,1
798.75,48,-27.72,1.19,299,0,1,1
799.16,48.2,-25.56,1.03,299,0,1,1
799.58,48.4,-27.36,0.93,299,0,1,1
799.99,48.7,-30.24,1.38,299,0,1,1
800.4,48.9,-30.6,1.28,299,0,1,1
800.82,48.9,-30.6,1.32,299,0,1,1
801.23,49,-28.08,0.76,299,0,1,1
801.65,49,-23.76,1.04,299,0,1,1
802.06,49.1,-20.52,1.24,299,0,1,1
802.48,49.1,-18.72,1.05,299,0,1,1
802.9,49.2,-14.4,0.61,299,0,1,1
803.33,49.3,-14.04,0.87,299,0,1,1
803.75,49.3,-12.6,0.75,299,0,1,1
804.18,49.4,-10.08,0.51,299,0,1,1
804.6,49.5,-7.56,0.48,299,0,1,1
805.04,49.7,0,0.39,299,0,1,1
805.48,49.9,2.16,0.58,299,0,1,1
805.93,50.1,3.24,0.43,299,0,1,1
806.37,50.3,0,0.39,299,0,1,1
806.81,50.5,-2.52,0.65,299,0,1,1
807.25,50.8,-5.4,0.58,299,0,1,1
807.7,51.1,-6.84,0.38,299,0,1,1
808.14,51.5,-7.2,0.41,299,0,1,1
808.58,51.8,-7.92,0.66,299,0,1,1
809.03,52.1,-8.64,0.38,299,0,1,1
809.48,52.2,-10.44,-0.12,299,0,1,1
809.93,52.2,-7.92,0.35,299,0,1,1
810.39,52.3,-6.84,0.44,299,0,1,1
810.84,52.3,-6.84,0.24,299,0,1,1
811.29,52.3,-3.24,-0.1,299,0,1,1
811.76,52.6,0,0.07,299,0,1,1
812.22,52.8,3.24,0.15,299,0,1,1
812.68,53,5.04,-0.38,299,0,1,1
813.15,53.2,8.28,-0.29,299,0,1,1
813.61,53.4,9,-0.18,299,0,1,1
814.08,53.6,9.36,-0.08,299,0,1,1
814.56,53.8,9,-0.01,299,0,1,1
815.03,54,7.92,-0.29,299,0,1,1
815.5,54.1,6.84,0.1,299,0,1,1
815.98,54.3,6.84,-0.28,299,0,1,1
816.46,54,5.4,-0.41,299,0,1,1
816.94,53.8,6.48,-0.78,299,0,1,1
817.43,53.5,11.16,-0.4,299,0,1,1
817.91,53.2,13.32,-0.61,299,0,1,1
818.39,53,18.72,-1.14,299,0,1,1
818.88,53.4,21.24,-0.82,299,0,1,1
819.37,53.9,27,-0.64,299,0,1,1
819.86,54.3,30.96,-0.55,298.98,0,1,1
820.35,54.8,34.2,-0.96,298.94,0,1,1
820.84,55.2,33.48,-1.28,298.9,0,1,1
821.34,55.2,25.92,-0.56,298.9,0,1,1
821.84,55.3,21.24,-0.9,298.9,0,1,1
822.34,55.3,16.92,-0.91,298.9,0,1,1
822.83,55.3,17.64,-0.97,298.9,0,1,1
823.33,55.3,18.72,-0.63,298.9,0,1,1
823.83,55.4,19.44,-0.53,298.9,0,1,1
824.33,55.5,15.84,-0.44,298.9,0,1,1
824.83,55.6,10.08,-0.31,298.88,0,1,1
825.32,55.7,1.8,-0.58,298.84,0,1,1
825.82,55.8,-7.2,-0.38,298.8,0,1,1
826.33,56,-12.24,-0.08,298.8,0,1,1
826.83,56.3,-11.52,-0.74,298.8,0,1,1
827.33,56.5,-4.68,-0.76,298.8,0,1,1
827.83,56.7,2.16,-0.54,298.8,0,1,1
828.33,56.9,6.84,-0.59,298.8,0,1,1
828.84,57.2,11.52,-0.26,298.8,0,1,1
829.34,57.5,13.32,-0.53,298.8,0,1,1
829.85,57.8,15.84,-0.58,298.8,0,1,1
830.35,58.1,18,-0.06,298.8,0,1,1
830.86,58.4,18.72,-0.81,298.8,0,1,1
831.36,58.7,20.16,-1.06,298.8,0,1,1
831.87,59,21.24,-1.23,298.8,0,1,1
832.38,59.3,23.04,-0.55,298.78,0,1,1
832.88,59.6,22.32,-0.5,298.74,0,1,1
833.39,59.9,23.76,-0.97,298.7,0,1,1
833.9,59.8,23.76,-1.15,298.7,0,1,1
834.41,59.6,25.2,-1.39,298.7,0,1,1
834.92,59.5,23.04,-0.78,298.7,0,1,1
835.44,59.4,18,-0.63,298.7,0,1,1
835.95,59.3,14.4,-0.35,298.7,0,1,1
836.47,59.5,7.92,-0.55,298.7,0,1,1
836.99,59.6,0.72,-0.48,298.7,0,1,1
837.51,59.7,-1.44,-0.4,298.72,0,1,1
838.03,59.9,-5.76,-0.14,298.76,0,1,1
838.55,60,-9,-0.25,298.8,0,1,1
839.07,60.1,-8.64,-0.51,298.8,0,1,1
839.6,60.2,-4.32,-0.44,298.8,0,1,1
840.13,60.4,-1.8,-0.62,298.8,0,1,1
840.65,60.5,3.96,-0.58,298.8,0,1,1
841.18,60.6,7.56,-0.21,298.8,0,1,1
841.71,60.8,13.32,-0.35,298.8,0,1,1
842.25,60.9,15.84,-0.29,298.8,0,1,1
842.78,61,18,-0.46,298.8,0,1,1
843.32,61.2,14.4,-0.15,298.8,0,1,1
843.85,61.3,7.56,-0.25,298.8,0,1,1
844.4,61.3,3.96,-0.13,298.8,0,1,1
844.94,61.4,-2.52,-0.09,298.8,0,1,1
845.48,61.4,-3.24,-0.17,298.8,0,1,1
846.03,61.4,-5.76,-0.08,298.8,0,1,1
846.57,61.4,-6.48,-0.14,298.8,0,1,1
